TIME_INTERVAL,RESOURCE_NAME,AP_FLAG,SEC_FLAG,PSM_FLAG,DIPC_PRICE,RTD_PRICE,ADMIN_PRICE,SEC_PRICE,PSM_PRICE,
8/13/2024 3:05:00 AM,01ACNPC_G01,N,N,N,3517.2626,3517.2626,3768.3989,3517.2626,3517.2626,
8/13/2024 3:05:00 AM,01AEC_L01,N,N,N,3518.3243,3518.3243,3778.2001,3518.3243,3518.3243,
8/13/2024 3:05:00 AM,01AMBUK_SS,N,N,N,3475.1460,3475.1460,3778.2001,3475.1460,3475.1460,
8/13/2024 3:05:00 AM,01AMBUK_T1L1,N,N,N,3475.1460,3475.1460,3778.2001,3475.1460,3475.1460,
8/13/2024 3:05:00 AM,01AMBUK_U01,N,N,N,3475.1460,3475.1460,3970.9883,3475.1460,3475.1460,
8/13/2024 3:05:00 AM,01AMBUK_U02,N,N,N,3473.7304,3473.7304,3728.5578,3473.7304,3473.7304,
8/13/2024 3:05:00 AM,01AMBUK_U03,N,N,N,3473.7304,3473.7304,3972.6331,3473.7304,3473.7304,
8/13/2024 3:05:00 AM,01AMPHAW_G01,N,N,N,3467.0059,3467.0059,3791.7763,3467.0059,3467.0059,
8/13/2024 3:05:00 AM,01ANDA_G01,N,N,N,3518.3243,3518.3243,3811.4765,3518.3243,3518.3243,
8/13/2024 3:05:00 AM,01ANGAT_A,N,N,N,3501.3362,3501.3362,3800.5786,3501.3362,3501.3362,
8/13/2024 3:05:00 AM,01ANGAT_M,N,N,N,3509.8303,3509.8303,3788.8081,3509.8303,3509.8303,
8/13/2024 3:05:00 AM,01ANGAT_SS,N,N,N,3506.9989,3506.9989,3778.2001,3506.9989,3506.9989,
8/13/2024 3:05:00 AM,01ANGAT_T5L1,N,N,N,3539.2057,3539.2057,3778.2001,3539.2057,3539.2057,
8/13/2024 3:05:00 AM,01APEC_G01,N,N,N,3518.3243,3518.3243,4168.2186,3518.3243,3518.3243,
8/13/2024 3:05:00 AM,01ARAYSOL_G01,N,N,N,3518.3243,3518.3243,3810.94,3518.3243,3518.3243,
8/13/2024 3:05:00 AM,01ARAYSOL_G02,N,N,N,3518.3243,3518.3243,3810.94,3518.3243,3518.3243,
8/13/2024 3:05:00 AM,01ARMSOL_G01,N,N,N,3517.2626,3517.2626,3813.4233,3517.2626,3517.2626,
8/13/2024 3:05:00 AM,01BAKSIP_G01,N,N,N,3467.0059,3467.0059,3801.0394,3467.0059,3467.0059,
8/13/2024 3:05:00 AM,01BAKUN_G01,N,N,N,3402.2384,3402.2384,3855.4316,3402.2384,3402.2384,
8/13/2024 3:05:00 AM,01BAKUN_SS,N,N,N,3402.5923,3402.5923,3778.2001,3402.5923,3402.5923,
8/13/2024 3:05:00 AM,01BALNEO_L01,N,N,N,3442.9393,3442.9393,3778.2001,3442.9393,3442.9393,
8/13/2024 3:05:00 AM,01BALNEO_L02,N,N,N,3442.9393,3442.9393,3778.2001,3442.9393,3442.9393,
8/13/2024 3:05:00 AM,01BALNEO_SS,N,N,N,3434.7991,3434.7991,3778.2001,3434.7991,3434.7991,
8/13/2024 3:05:00 AM,01BALSIK_SS,N,N,N,3405.7776,3405.7776,3778.2001,3405.7776,3405.7776,
8/13/2024 3:05:00 AM,01BALWIND_G01,N,N,N,3169.3587,3169.3587,2824.4795,3169.3587,3169.3587,
8/13/2024 3:05:00 AM,01BANTAY_SS,N,N,N,3405.4237,3405.4237,3778.2001,3405.4237,3405.4237,
8/13/2024 3:05:00 AM,01BATAAN_SS,N,N,N,3315.1739,3315.1739,3778.2001,3315.1739,3315.1739,
8/13/2024 3:05:00 AM,01BAUANG_GS1,N,N,N,3447.1863,3447.1863,3793.2266,3447.1863,3447.1863,
8/13/2024 3:05:00 AM,01BAUANG_GS2,N,N,N,3447.1863,3447.1863,3793.2266,3447.1863,3447.1863,
8/13/2024 3:05:00 AM,01BAUANG_GS3,N,N,N,3447.1863,3447.1863,3793.2266,3447.1863,3447.1863,
8/13/2024 3:05:00 AM,01BAUANG_SS,N,N,N,3448.9559,3448.9559,3778.2001,3448.9559,3448.9559,
8/13/2024 3:05:00 AM,01BAUAN_T1L1,N,N,N,3450.0177,3450.0177,3778.2001,3450.0177,3450.0177,
8/13/2024 3:05:00 AM,01BAUAN_T1L2,N,N,N,3450.0177,3450.0177,3778.2001,3450.0177,3450.0177,
8/13/2024 3:05:00 AM,01BAUAN_T1L3,N,N,N,3450.0177,3450.0177,3778.2001,3450.0177,3450.0177,
8/13/2024 3:05:00 AM,01BAUAN_T2L1,N,N,N,3450.0177,3450.0177,3778.2001,3450.0177,3450.0177,
8/13/2024 3:05:00 AM,01BAUAN_T2L2,N,N,N,3449.6638,3449.6638,3778.2001,3449.6638,3449.6638,
8/13/2024 3:05:00 AM,01BCNOT_SS,N,N,N,3440.1079,3440.1079,3778.2001,3440.1079,3440.1079,
8/13/2024 3:05:00 AM,01BCNOT_T1L1,N,N,N,3440.4618,3440.4618,3778.2001,3440.4618,3440.4618,
8/13/2024 3:05:00 AM,01BCNOT_T1L2,N,N,N,3440.4618,3440.4618,3778.2001,3440.4618,3440.4618,
8/13/2024 3:05:00 AM,01BINENG_G01,N,N,N,3467.0059,3467.0059,3752.6152,3467.0059,3467.0059,
8/13/2024 3:05:00 AM,01BINGA_SS,N,N,N,3465.9441,3465.9441,3778.2001,3465.9441,3465.9441,
8/13/2024 3:05:00 AM,01BINGA_T1L1,N,N,N,3466.2980,3466.2980,3778.2001,3466.2980,3466.2980,
8/13/2024 3:05:00 AM,01BINGA_U01,N,N,N,3464.5284,3464.5284,4076.1082,3464.5284,3464.5284,
8/13/2024 3:05:00 AM,01BINGA_U02,N,N,N,3464.5284,3464.5284,3950.0053,3464.5284,3464.5284,
8/13/2024 3:05:00 AM,01BINGA_U03,N,N,N,3464.5284,3464.5284,3949.5779,3464.5284,3464.5284,
8/13/2024 3:05:00 AM,01BINGA_U04,N,N,N,3464.5284,3464.5284,3948.6686,3464.5284,3464.5284,
8/13/2024 3:05:00 AM,01BNTAY_T1L1,N,N,N,3405.7776,3405.7776,3778.2001,3405.7776,3405.7776,
8/13/2024 3:05:00 AM,01BNTAY_T1L2,N,N,N,3405.7776,3405.7776,3778.2001,3405.7776,3405.7776,
8/13/2024 3:05:00 AM,01BNTAY_T1L3,N,N,N,3405.7776,3405.7776,3778.2001,3405.7776,3405.7776,
8/13/2024 3:05:00 AM,01BOSUNG_G01,N,N,N,3320.4828,3320.4828,3803.7279,3320.4828,3320.4828,
8/13/2024 3:05:00 AM,01BOTOLAN_SS,N,N,N,3431.6138,3431.6138,3778.2001,3431.6138,3431.6138,
8/13/2024 3:05:00 AM,01BOTOL_T1L1,N,N,N,3437.2765,3437.2765,3778.2001,3437.2765,3437.2765,
8/13/2024 3:05:00 AM,01BOTOL_T1L2,N,N,N,3437.2765,3437.2765,3778.2001,3437.2765,3437.2765,
8/13/2024 3:05:00 AM,01BPC_T1L1,N,N,N,3315.1739,3315.1739,3778.2001,3315.1739,3315.1739,
8/13/2024 3:05:00 AM,01BPC_T2L2,N,N,N,3315.1739,3315.1739,3778.2001,3315.1739,3315.1739,
8/13/2024 3:05:00 AM,01BPPC_SS,N,N,N,3447.1863,3447.1863,3778.2001,3447.1863,3447.1863,
8/13/2024 3:05:00 AM,01BT2020_G01,N,N,N,3399.0531,3399.0531,4150.3856,3399.0531,3399.0531,
8/13/2024 3:05:00 AM,01BT2020_G02,N,N,N,3399.0531,3399.0531,3701.8483,3399.0531,3399.0531,
8/13/2024 3:05:00 AM,01BTNSOL_G01,N,N,N,3316.2357,3316.2357,3619.8801,3316.2357,3316.2357,
8/13/2024 3:05:00 AM,01BTPP_T3L1,N,N,N,3316.2357,3316.2357,3778.2001,3316.2357,3316.2357,
8/13/2024 3:05:00 AM,01BTPP_T3L2,N,N,N,3316.2357,3316.2357,3778.2001,3316.2357,3316.2357,
8/13/2024 3:05:00 AM,01BTPP_T3L3,N,N,N,3316.2357,3316.2357,3778.2001,3316.2357,3316.2357,
8/13/2024 3:05:00 AM,01BTPP_T3L4,N,N,N,3316.2357,3316.2357,3778.2001,3316.2357,3316.2357,
8/13/2024 3:05:00 AM,01BTPP_T3L5,N,N,N,3316.2357,3316.2357,3778.2001,3316.2357,3316.2357,
8/13/2024 3:05:00 AM,01BTPP_T4L1,N,N,N,3539.2057,3539.2057,3778.2001,3539.2057,3539.2057,
8/13/2024 3:05:00 AM,01BTSOLEN_BAT,N,N,N,3316.2357,3316.2357,3619.8801,3316.2357,3316.2357,
8/13/2024 3:05:00 AM,01BTSOLEN_G01,N,N,N,3316.2357,3316.2357,3619.8801,3316.2357,3316.2357,
8/13/2024 3:05:00 AM,01BULSOL_G01,N,N,N,3542.0370,3542.0370,3827.6748,3542.0370,3542.0370,
8/13/2024 3:05:00 AM,01BURGOS_G01,N,N,N,3255.3614,3255.3614,3261.9159,3255.3614,3255.3614,
8/13/2024 3:05:00 AM,01BURGOS_G02,N,N,N,3320.4828,3320.4828,3803.7279,3320.4828,3320.4828,
8/13/2024 3:05:00 AM,01BURGOS_G03,N,N,N,3320.4828,3320.4828,3803.7279,3320.4828,3320.4828,
8/13/2024 3:05:00 AM,01BURGOS_SS,N,N,N,3256.4231,3256.4231,3778.2001,3256.4231,3256.4231,
8/13/2024 3:05:00 AM,01BUTAO_G01,N,N,N,3483.2862,3483.2862,4221.2417,3483.2862,3483.2862,
8/13/2024 3:05:00 AM,01BYOMB_DID,N,N,N,3546.6380,3546.6380,3778.2001,3546.6380,3546.6380,
8/13/2024 3:05:00 AM,01BYOMB_SS,N,N,N,3545.5762,3545.5762,3778.2001,3545.5762,3545.5762,
8/13/2024 3:05:00 AM,01BYOMB_T1L1,N,N,N,3548.4076,3548.4076,3778.2001,3548.4076,3548.4076,
8/13/2024 3:05:00 AM,01BYOMB_T1L2,N,N,N,3546.6380,3546.6380,3778.2001,3546.6380,3546.6380,
8/13/2024 3:05:00 AM,01BYOMB_T1L3,N,N,N,3548.4076,3548.4076,3778.2001,3548.4076,3548.4076,
8/13/2024 3:05:00 AM,01CABSOL_G01,N,N,N,3567.5193,3567.5193,3853.2692,3567.5193,3567.5193,
8/13/2024 3:05:00 AM,01CAGBIO_G01,N,N,N,3655.6455,3655.6455,3979.3520,3655.6455,3655.6455,
8/13/2024 3:05:00 AM,01CAGYSOL_G01,N,N,N,3703.7787,3703.7787,4073.6812,3703.7787,3703.7787,
8/13/2024 3:05:00 AM,01CALIBUNK_G01,N,N,N,3518.3243,3518.3243,3810.94,3518.3243,3518.3243,
8/13/2024 3:05:00 AM,01CAPRIS_G01,N,N,N,3202.2733,3202.2733,2753.6821,3202.2733,3202.2733,
8/13/2024 3:05:00 AM,01CAPRIS_G02,N,N,N,3202.6272,3202.6272,2739.1969,3202.6272,3202.6272,
8/13/2024 3:05:00 AM,01CASECN_G01,N,N,N,3466.6519,3466.6519,3832.7632,3466.6519,3466.6519,
8/13/2024 3:05:00 AM,01CASECN_SS,N,N,N,3466.6519,3466.6519,3778.2001,3466.6519,3466.6519,
8/13/2024 3:05:00 AM,01CAYBSOL_G01,N,N,N,3413.2099,3413.2099,2865.6705,3413.2099,3413.2099,
8/13/2024 3:05:00 AM,01CBNTU_SS,N,N,N,3567.8732,3567.8732,3778.2001,3567.8732,3567.8732,
8/13/2024 3:05:00 AM,01CBNTU_T1L1,N,N,N,3567.5193,3567.5193,3778.2001,3567.5193,3567.5193,
8/13/2024 3:05:00 AM,01CBNTU_T1L3,N,N,N,3567.5193,3567.5193,3778.2001,3567.5193,3567.5193,
8/13/2024 3:05:00 AM,01CBNTU_T2L1,N,N,N,3567.5193,3567.5193,3778.2001,3567.5193,3567.5193,
8/13/2024 3:05:00 AM,01CBNTU_T2L2,N,N,N,3567.5193,3567.5193,3778.2001,3567.5193,3567.5193,
8/13/2024 3:05:00 AM,01CBN_CELCOR,N,N,N,3567.5193,3567.5193,3778.2001,3567.5193,3567.5193,
8/13/2024 3:05:00 AM,01CIP2_G01,N,N,N,3440.4618,3440.4618,3805.5760,3440.4618,3440.4618,
8/13/2024 3:05:00 AM,01CLARK_L01,N,N,N,3539.2057,3539.2057,3778.2001,3539.2057,3539.2057,
8/13/2024 3:05:00 AM,01CLARK_L02,N,N,N,3539.2057,3539.2057,3778.2001,3539.2057,3539.2057,
8/13/2024 3:05:00 AM,01CLARK_L03,N,N,N,3518.6783,3518.6783,3778.2001,3518.6783,3518.6783,
8/13/2024 3:05:00 AM,01CLARK_L04,N,N,N,3519.74,3519.74,3778.2001,3519.74,3519.74,
8/13/2024 3:05:00 AM,01CLARK_SS,N,N,N,3518.6783,3518.6783,3778.2001,3518.6783,3518.6783,
8/13/2024 3:05:00 AM,01CLARK_T1L1,N,N,N,3518.6783,3518.6783,3778.2001,3518.6783,3518.6783,
8/13/2024 3:05:00 AM,01CLARK_T1L2,N,N,N,3539.2057,3539.2057,3778.2001,3539.2057,3539.2057,
8/13/2024 3:05:00 AM,01CLARK_T2L1,N,N,N,3520.4479,3520.4479,3778.2001,3520.4479,3520.4479,
8/13/2024 3:05:00 AM,01CLASOL_G01,N,N,N,3518.6783,3518.6783,3815.2212,3518.6783,3518.6783,
8/13/2024 3:05:00 AM,01CLEANG_G01,N,N,N,3399.0531,3399.0531,3701.8483,3399.0531,3399.0531,
8/13/2024 3:05:00 AM,01CNCEP_BAT,N,N,N,3517.2626,3517.2626,3813.3166,3517.2626,3517.2626,
8/13/2024 3:05:00 AM,01CNCEP_CAT,N,N,N,3517.2626,3517.2626,3778.2001,3517.2626,3517.2626,
8/13/2024 3:05:00 AM,01CNCEP_DAP2,N,N,N,3517.2626,3517.2626,3778.2001,3517.2626,3517.2626,
8/13/2024 3:05:00 AM,01CNCEP_SS,N,N,N,3513.3695,3513.3695,3778.2001,3513.3695,3513.3695,
8/13/2024 3:05:00 AM,01CNCEP_T1L3,N,N,N,3513.3695,3513.3695,3778.2001,3513.3695,3513.3695,
8/13/2024 3:05:00 AM,01CNCEP_TEI,N,N,N,3517.2626,3517.2626,3778.2001,3517.2626,3517.2626,
8/13/2024 3:05:00 AM,01CN_TRELC1,N,N,N,3517.2626,3517.2626,3778.2001,3517.2626,3517.2626,
8/13/2024 3:05:00 AM,01CN_TRELC2,N,N,N,3517.2626,3517.2626,3778.2001,3517.2626,3517.2626,
8/13/2024 3:05:00 AM,01CONSOL_G01,N,N,N,3517.2626,3517.2626,3813.3166,3517.2626,3517.2626,
8/13/2024 3:05:00 AM,01CRUZD_MECO,N,N,N,3542.0370,3542.0370,3778.2001,3542.0370,3542.0370,
8/13/2024 3:05:00 AM,01CRUZD_SS,N,N,N,3539.2057,3539.2057,3778.2001,3539.2057,3539.2057,
8/13/2024 3:05:00 AM,01CRUZD_T2L1,N,N,N,3542.0370,3542.0370,3778.2001,3542.0370,3542.0370,
8/13/2024 3:05:00 AM,01CURIM_SS,N,N,N,3359.0601,3359.0601,3778.2001,3359.0601,3359.0601,
8/13/2024 3:05:00 AM,01CURIM_T1L1,N,N,N,3360.1219,3360.1219,3778.2001,3360.1219,3360.1219,
8/13/2024 3:05:00 AM,01CURIM_T1L2,N,N,N,3360.1219,3360.1219,3778.2001,3360.1219,3360.1219,
8/13/2024 3:05:00 AM,01CURSOL_G02,N,N,N,3360.1219,3360.1219,3824.9749,3360.1219,3360.1219,
8/13/2024 3:05:00 AM,01DALSOL_G01,N,N,N,3517.2626,3517.2626,2923.6859,3517.2626,3517.2626,
8/13/2024 3:05:00 AM,01DUHAT_SS,N,N,N,3551.2390,3551.2390,3778.2001,3551.2390,3551.2390,
8/13/2024 3:05:00 AM,01DUHAT_T1L1,N,N,N,3562.5644,3562.5644,3778.2001,3562.5644,3562.5644,
8/13/2024 3:05:00 AM,01EHVSJ_SS,N,N,N,3482.9323,3482.9323,3778.2001,3482.9323,3482.9323,
8/13/2024 3:05:00 AM,01EHVSM_SS,N,N,N,3451.4334,3451.4334,3778.2001,3451.4334,3451.4334,
8/13/2024 3:05:00 AM,01GAMU_BAT,N,N,N,3660.6004,3660.6004,3984.8519,3660.6004,3660.6004,
8/13/2024 3:05:00 AM,01GAMU_BATL,N,N,N,3660.6004,3660.6004,3778.2001,3660.6004,3660.6004,
8/13/2024 3:05:00 AM,01GAMU_SS,N,N,N,3655.6455,3655.6455,3778.2001,3655.6455,3655.6455,
8/13/2024 3:05:00 AM,01GAMU_T1L1,N,N,N,3660.6004,3660.6004,3778.2001,3660.6004,3660.6004,
8/13/2024 3:05:00 AM,01GAMU_T1L2,N,N,N,3655.6455,3655.6455,3778.2001,3655.6455,3655.6455,
8/13/2024 3:05:00 AM,01GFII_G01,N,N,N,3660.6004,3660.6004,3984.8519,3660.6004,3660.6004,
8/13/2024 3:05:00 AM,01GIFT_G01,N,N,N,3567.5193,3567.5193,3853.1310,3567.5193,3567.5193,
8/13/2024 3:05:00 AM,01GIFT_G02,N,N,N,3567.5193,3567.5193,3379.2019,3567.5193,3567.5193,
8/13/2024 3:05:00 AM,01GIGSOL_G01,N,N,N,3437.2765,3437.2765,3745.0721,3437.2765,3437.2765,
8/13/2024 3:05:00 AM,01GNPD_SS,N,N,N,3374.9865,3374.9865,3778.2001,3374.9865,3374.9865,
8/13/2024 3:05:00 AM,01GNPD_U01,N,N,N,3345.2572,3345.2572,3549.2728,3345.2572,3345.2572,
8/13/2024 3:05:00 AM,01GNPD_U02,N,N,N,3347.7346,3347.7346,3613.7332,3347.7346,3347.7346,
8/13/2024 3:05:00 AM,01GRGOLD_G01,N,N,N,3567.5193,3567.5193,3804.3075,3567.5193,3567.5193,
8/13/2024 3:05:00 AM,01HANJI_SS,N,N,N,3414.9795,3414.9795,3778.2001,3414.9795,3414.9795,
8/13/2024 3:05:00 AM,01HANJI_T1L1,N,N,N,3415.3335,3415.3335,3778.2001,3415.3335,3415.3335,
8/13/2024 3:05:00 AM,01HANJI_T2L1,N,N,N,3414.9795,3414.9795,3778.2001,3414.9795,3414.9795,
8/13/2024 3:05:00 AM,01HERMO_FBL,N,N,N,3399.0531,3399.0531,3778.2001,3399.0531,3399.0531,
8/13/2024 3:05:00 AM,01HERMO_SS,N,N,N,3396.2218,3396.2218,3778.2001,3396.2218,3396.2218,
8/13/2024 3:05:00 AM,01HERMO_T1L1,N,N,N,3399.0531,3399.0531,3778.2001,3399.0531,3399.0531,
8/13/2024 3:05:00 AM,01HERMO_T1L2,N,N,N,3399.0531,3399.0531,3778.2001,3399.0531,3399.0531,
8/13/2024 3:05:00 AM,01HERMO_T1L3,N,N,N,3539.2057,3539.2057,3778.2001,3539.2057,3539.2057,
8/13/2024 3:05:00 AM,01HERMO_T1L4,N,N,N,3399.0531,3399.0531,3778.2001,3399.0531,3399.0531,
8/13/2024 3:05:00 AM,01HYPGRN_G01,N,N,N,3562.5644,3562.5644,3831.2132,3562.5644,3562.5644,
8/13/2024 3:05:00 AM,01IBEC_G01,N,N,N,3603.2653,3603.2653,3939.6405,3603.2653,3603.2653,
8/13/2024 3:05:00 AM,01IBULAO_G01,N,N,N,3548.4076,3548.4076,3801.2863,3548.4076,3548.4076,
8/13/2024 3:05:00 AM,01IPOWER_G01,N,N,N,3567.5193,3567.5193,3828.1891,3567.5193,3567.5193,
8/13/2024 3:05:00 AM,01IPOWER_G02,N,N,N,3567.5193,3567.5193,4048.9071,3567.5193,3567.5193,
8/13/2024 3:05:00 AM,01KDAM_SS,N,N,N,3426.3050,3426.3050,3778.2001,3426.3050,3426.3050,
8/13/2024 3:05:00 AM,01LAMAO_BAT,N,N,N,3307.7416,3307.7416,3712.0298,3307.7416,3307.7416,
8/13/2024 3:05:00 AM,01LAMAO_SS,N,N,N,3307.7416,3307.7416,3778.2001,3307.7416,3307.7416,
8/13/2024 3:05:00 AM,01LAOAG_SS,N,N,N,3324.0220,3324.0220,3778.2001,3324.0220,3324.0220,
8/13/2024 3:05:00 AM,01LAOAG_T1L1,N,N,N,3323.3141,3323.3141,3778.2001,3323.3141,3323.3141,
8/13/2024 3:05:00 AM,01LAOAG_T1L2,N,N,N,3323.3141,3323.3141,3778.2001,3323.3141,3323.3141,
8/13/2024 3:05:00 AM,01LAOAG_T2L2,N,N,N,3320.4828,3320.4828,3778.2001,3320.4828,3320.4828,
8/13/2024 3:05:00 AM,01LAOSOL_G01,N,N,N,3413.2099,3413.2099,3728.0103,3413.2099,3413.2099,
8/13/2024 3:05:00 AM,01LAOSOL_SS,N,N,N,3413.2099,3413.2099,3778.2001,3413.2099,3413.2099,
8/13/2024 3:05:00 AM,01LASUER_U01,N,N,N,3655.6455,3655.6455,3857.2282,3655.6455,3655.6455,
8/13/2024 3:05:00 AM,01LATRI_SS,N,N,N,3464.8823,3464.8823,3778.2001,3464.8823,3464.8823,
8/13/2024 3:05:00 AM,01LATRI_T1L1,N,N,N,3467.0059,3467.0059,3778.2001,3467.0059,3467.0059,
8/13/2024 3:05:00 AM,01LATRI_T2L1,N,N,N,3467.0059,3467.0059,3778.2001,3467.0059,3467.0059,
8/13/2024 3:05:00 AM,01LATRI_T2L2,N,N,N,3467.0059,3467.0059,3778.2001,3467.0059,3467.0059,
8/13/2024 3:05:00 AM,01LATRI_T2L3,N,N,N,3467.0059,3467.0059,3778.2001,3467.0059,3467.0059,
8/13/2024 3:05:00 AM,01LAT_BENECO,N,N,N,3467.0059,3467.0059,3778.2001,3467.0059,3467.0059,
8/13/2024 3:05:00 AM,01LAT_PHILEX,N,N,N,3467.0059,3467.0059,3778.2001,3467.0059,3467.0059,
8/13/2024 3:05:00 AM,01LBRDR_SS,N,N,N,3413.5639,3413.5639,3778.2001,3413.5639,3413.5639,
8/13/2024 3:05:00 AM,01LBR_CNPELC,N,N,N,3539.2057,3539.2057,3778.2001,3539.2057,3539.2057,
8/13/2024 3:05:00 AM,01LBR_DECORP,N,N,N,3414.6256,3414.6256,3778.2001,3414.6256,3414.6256,
8/13/2024 3:05:00 AM,01LBR_PNELC1,N,N,N,3415.6874,3415.6874,3778.2001,3415.6874,3415.6874,
8/13/2024 3:05:00 AM,01LIMAY_BAT,N,N,N,3316.2357,3316.2357,3690.0042,3316.2357,3316.2357,
8/13/2024 3:05:00 AM,01LIMAY_SS,N,N,N,3315.1739,3315.1739,3778.2001,3315.1739,3315.1739,
8/13/2024 3:05:00 AM,01LIMAY_U01,N,N,N,3315.1739,3315.1739,3618.4188,3315.1739,3315.1739,
8/13/2024 3:05:00 AM,01LIMAY_U02,N,N,N,3315.1739,3315.1739,3618.4188,3315.1739,3315.1739,
8/13/2024 3:05:00 AM,01LIMAY_U03,N,N,N,3314.82,3314.82,3618.4188,3314.82,3314.82,
8/13/2024 3:05:00 AM,01LIMAY_U04,N,N,N,3315.1739,3315.1739,3618.4188,3315.1739,3315.1739,
8/13/2024 3:05:00 AM,01LIMAY_U05,N,N,N,3315.1739,3315.1739,3618.4188,3315.1739,3315.1739,
8/13/2024 3:05:00 AM,01LIMAY_U06,N,N,N,3315.1739,3315.1739,3618.4188,3315.1739,3315.1739,
8/13/2024 3:05:00 AM,01LIMAY_U07,N,N,N,3315.1739,3315.1739,3618.4188,3315.1739,3315.1739,
8/13/2024 3:05:00 AM,01LIMAY_U08,N,N,N,3315.1739,3315.1739,3618.4188,3315.1739,3315.1739,
8/13/2024 3:05:00 AM,01MAEC_G01,N,N,N,3360.1219,3360.1219,3824.9749,3360.1219,3360.1219,
8/13/2024 3:05:00 AM,01MAEC_S01,N,N,N,3360.1219,3360.1219,3778.2001,3360.1219,3360.1219,
8/13/2024 3:05:00 AM,01MAGAPIT_BAT,N,N,N,3703.7787,3703.7787,4073.6812,3703.7787,3703.7787,
8/13/2024 3:05:00 AM,01MAGAT_BAT,N,N,N,3600.08,3600.08,3937.4184,3600.08,3600.08,
8/13/2024 3:05:00 AM,01MAGAT_SS,N,N,N,3600.08,3600.08,3778.2001,3600.08,3600.08,
8/13/2024 3:05:00 AM,01MAGAT_U01,N,N,N,3600.08,3600.08,4091.1870,3600.08,3600.08,
8/13/2024 3:05:00 AM,01MAGAT_U02,N,N,N,3600.08,3600.08,4508.5632,3600.08,3600.08,
8/13/2024 3:05:00 AM,01MAGAT_U03,N,N,N,3600.08,3600.08,4241.6066,3600.08,3600.08,
8/13/2024 3:05:00 AM,01MAGAT_U04,N,N,N,3600.08,3600.08,4197.5787,3600.08,3600.08,
8/13/2024 3:05:00 AM,01MALOL_SS,N,N,N,3487.8872,3487.8872,3778.2001,3487.8872,3487.8872,
8/13/2024 3:05:00 AM,01MALOL_T1L1,N,N,N,3498.8587,3498.8587,3778.2001,3498.8587,3498.8587,
8/13/2024 3:05:00 AM,01MARIS_U01,N,N,N,3603.2653,3603.2653,3969.0208,3603.2653,3603.2653,
8/13/2024 3:05:00 AM,01MARIS_U02,N,N,N,3603.2653,3603.2653,3925.2453,3603.2653,3603.2653,
8/13/2024 3:05:00 AM,01MARSOL_G01,N,N,N,3298.5397,3298.5397,3600.0302,3298.5397,3298.5397,
8/13/2024 3:05:00 AM,01MARVEL_AUX,N,N,N,3296.7701,3296.7701,3778.2001,3296.7701,3296.7701,
8/13/2024 3:05:00 AM,01MARVEL_G01,N,N,N,3295.7083,3295.7083,3588.8693,3295.7083,3295.7083,
8/13/2024 3:05:00 AM,01MARVEL_G02,N,N,N,3295.7083,3295.7083,3592.4057,3295.7083,3295.7083,
8/13/2024 3:05:00 AM,01MARVEL_SS,N,N,N,3296.7701,3296.7701,3778.2001,3296.7701,3296.7701,
8/13/2024 3:05:00 AM,01MASIWA_G01,N,N,N,3567.5193,3567.5193,3853.2692,3567.5193,3567.5193,
8/13/2024 3:05:00 AM,01MASIWA_SS,N,N,N,3567.5193,3567.5193,3778.2001,3567.5193,3567.5193,
8/13/2024 3:05:00 AM,01MATUNO_G01,N,N,N,3546.6380,3546.6380,3882.9409,3546.6380,3546.6380,
8/13/2024 3:05:00 AM,01MEXICO_SS,N,N,N,3514.4312,3514.4312,3778.2001,3514.4312,3514.4312,
8/13/2024 3:05:00 AM,01MEX_AEC,N,N,N,3517.2626,3517.2626,3778.2001,3517.2626,3517.2626,
8/13/2024 3:05:00 AM,01MEX_CISP,N,N,N,3518.3243,3518.3243,3778.2001,3518.3243,3518.3243,
8/13/2024 3:05:00 AM,01MEX_CLARK1,N,N,N,3518.3243,3518.3243,3778.2001,3518.3243,3518.3243,
8/13/2024 3:05:00 AM,01MEX_CLARK2,N,N,N,3518.3243,3518.3243,3778.2001,3518.3243,3518.3243,
8/13/2024 3:05:00 AM,01MEX_CND,N,N,N,3518.3243,3518.3243,3778.2001,3518.3243,3518.3243,
8/13/2024 3:05:00 AM,01MEX_L01,N,N,N,3518.3243,3518.3243,3778.2001,3518.3243,3518.3243,
8/13/2024 3:05:00 AM,01MEX_MIC,N,N,N,3517.2626,3517.2626,3778.2001,3517.2626,3517.2626,
8/13/2024 3:05:00 AM,01MEX_PELCO1,N,N,N,3518.3243,3518.3243,3778.2001,3518.3243,3518.3243,
8/13/2024 3:05:00 AM,01MEX_PIMP,N,N,N,3518.3243,3518.3243,3778.2001,3518.3243,3518.3243,
8/13/2024 3:05:00 AM,01MEX_SFLAPC,N,N,N,3515.1391,3515.1391,3778.2001,3515.1391,3515.1391,
8/13/2024 3:05:00 AM,01MEX_SKK,N,N,N,3517.2626,3517.2626,3778.2001,3517.2626,3517.2626,
8/13/2024 3:05:00 AM,01MPGC_SS,N,N,N,3372.5091,3372.5091,3778.2001,3372.5091,3372.5091,
8/13/2024 3:05:00 AM,01MPGC_U01,N,N,N,3357.6444,3357.6444,3522.3687,3357.6444,3357.6444,
8/13/2024 3:05:00 AM,01MPGC_U02,N,N,N,3357.6444,3357.6444,3669.7945,3357.6444,3357.6444,
8/13/2024 3:05:00 AM,01MPGC_U03,N,N,N,3539.2057,3539.2057,3519.3297,3539.2057,3539.2057,
8/13/2024 3:05:00 AM,01MPGC_U04,N,N,N,3357.2905,3357.2905,3933.8480,3357.2905,3357.2905,
8/13/2024 3:05:00 AM,01MRVEL_T1L1,N,N,N,3298.5397,3298.5397,3778.2001,3298.5397,3298.5397,
8/13/2024 3:05:00 AM,01MSINLO_BAT,N,N,N,3301.7250,3301.7250,3646.5140,3301.7250,3301.7250,
8/13/2024 3:05:00 AM,01MSINLO_G01,N,N,N,3300.6632,3300.6632,3670.7259,3300.6632,3300.6632,
8/13/2024 3:05:00 AM,01MSINLO_G02,N,N,N,3301.0171,3301.0171,3643.7242,3301.0171,3301.0171,
8/13/2024 3:05:00 AM,01MSINLO_G03,N,N,N,3300.3093,3300.3093,3640.8692,3300.3093,3300.3093,
8/13/2024 3:05:00 AM,01MSINLO_SS,N,N,N,3301.7250,3301.7250,3778.2001,3301.7250,3301.7250,
8/13/2024 3:05:00 AM,01NIABAL_G01,N,N,N,3603.2653,3603.2653,3993.1511,3603.2653,3603.2653,
8/13/2024 3:05:00 AM,01NMHC_G01,N,N,N,3467.0059,3467.0059,3648.1709,3467.0059,3467.0059,
8/13/2024 3:05:00 AM,01NMHC_G03,N,N,N,3467.0059,3467.0059,3908.9975,3467.0059,3467.0059,
8/13/2024 3:05:00 AM,01NSNMN_L01,N,N,N,3539.2057,3539.2057,3778.2001,3539.2057,3539.2057,
8/13/2024 3:05:00 AM,01NSNMN_L02,N,N,N,3472.3147,3472.3147,3778.2001,3472.3147,3472.3147,
8/13/2024 3:05:00 AM,01NSNMN_SS,N,N,N,3466.6519,3466.6519,3778.2001,3466.6519,3466.6519,
8/13/2024 3:05:00 AM,01NSNMN_T1L1,N,N,N,3539.2057,3539.2057,3778.2001,3539.2057,3539.2057,
8/13/2024 3:05:00 AM,01NWIND_G01,N,N,N,3320.4828,3320.4828,3215.2030,3320.4828,3320.4828,
8/13/2024 3:05:00 AM,01NWIND_G02,N,N,N,3320.4828,3320.4828,3495.5999,3320.4828,3320.4828,
8/13/2024 3:05:00 AM,01NWIND_L01,N,N,N,3320.4828,3320.4828,3778.2001,3320.4828,3320.4828,
8/13/2024 3:05:00 AM,01OLONG_SS,N,N,N,3407.9011,3407.9011,3778.2001,3407.9011,3407.9011,
8/13/2024 3:05:00 AM,01OLONG_T1L1,N,N,N,3411.0864,3411.0864,3778.2001,3411.0864,3411.0864,
8/13/2024 3:05:00 AM,01OLONG_T2L2,N,N,N,3411.0864,3411.0864,3778.2001,3411.0864,3411.0864,
8/13/2024 3:05:00 AM,01OLONG_T3L3,N,N,N,3411.0864,3411.0864,3778.2001,3411.0864,3411.0864,
8/13/2024 3:05:00 AM,01PAGCAP_L01,N,N,N,3202.6272,3202.6272,3778.2001,3202.6272,3202.6272,
8/13/2024 3:05:00 AM,01PAGUD_SS,N,N,N,3202.6272,3202.6272,3778.2001,3202.6272,3202.6272,
8/13/2024 3:05:00 AM,01PASQSOL_G01,N,N,N,3320.1288,3320.1288,3801.8016,3320.1288,3320.1288,
8/13/2024 3:05:00 AM,01PAVGSOL_G01,N,N,N,3316.2357,3316.2357,4058.8637,3316.2357,3316.2357,
8/13/2024 3:05:00 AM,01PETRON_G01,N,N,N,3315.1739,3315.1739,4056.3037,3315.1739,3315.1739,
8/13/2024 3:05:00 AM,01PETSOL_G01,N,N,N,3517.2626,3517.2626,3813.3166,3517.2626,3517.2626,
8/13/2024 3:05:00 AM,01PETSOL_G02,N,N,N,3517.2626,3517.2626,3813.3166,3517.2626,3517.2626,
8/13/2024 3:05:00 AM,01PNTBNG_SS,N,N,N,3524.6949,3524.6949,3778.2001,3524.6949,3524.6949,
8/13/2024 3:05:00 AM,01PNTBNG_U01,N,N,N,3524.6949,3524.6949,3819.0557,3524.6949,3524.6949,
8/13/2024 3:05:00 AM,01PNTBNG_U02,N,N,N,3524.6949,3524.6949,3819.0557,3524.6949,3524.6949,
8/13/2024 3:05:00 AM,01RASLAG_G01,N,N,N,3518.3243,3518.3243,3810.94,3518.3243,3518.3243,
8/13/2024 3:05:00 AM,01RASLAG_G02,N,N,N,3518.3243,3518.3243,3810.94,3518.3243,3518.3243,
8/13/2024 3:05:00 AM,01RASLAG_G03,N,N,N,3518.3243,3518.3243,3810.94,3518.3243,3518.3243,
8/13/2024 3:05:00 AM,01SABANG_G01,N,N,N,3467.0059,3467.0059,3746.3430,3467.0059,3467.0059,
8/13/2024 3:05:00 AM,01SANMIGSOL_G01,N,N,N,3542.0370,3542.0370,3827.6748,3542.0370,3542.0370,
8/13/2024 3:05:00 AM,01SE_ABRECO,N,N,N,3397.2835,3397.2835,3778.2001,3397.2835,3397.2835,
8/13/2024 3:05:00 AM,01SLANGN_G01,N,N,N,3467.0059,3467.0059,3804.5440,3467.0059,3467.0059,
8/13/2024 3:05:00 AM,01SMBELL_G01,N,N,N,3548.4076,3548.4076,3884.8440,3548.4076,3548.4076,
8/13/2024 3:05:00 AM,01SMC_G01,N,N,N,3306.6799,3306.6799,3617.7141,3306.6799,3306.6799,
8/13/2024 3:05:00 AM,01SMC_G02,N,N,N,3306.6799,3306.6799,3710.4594,3306.6799,3306.6799,
8/13/2024 3:05:00 AM,01SMC_G03,N,N,N,3306.6799,3306.6799,3764.7405,3306.6799,3306.6799,
8/13/2024 3:05:00 AM,01SMC_G04,N,N,N,3292.1691,3292.1691,3729.5228,3292.1691,3292.1691,
8/13/2024 3:05:00 AM,01SMC_SS,N,N,N,3306.6799,3306.6799,3778.2001,3306.6799,3306.6799,
8/13/2024 3:05:00 AM,01SMC_SS2,N,N,N,3306.6799,3306.6799,3778.2001,3306.6799,3306.6799,
8/13/2024 3:05:00 AM,01SMC_SS3,N,N,N,3306.6799,3306.6799,3778.2001,3306.6799,3306.6799,
8/13/2024 3:05:00 AM,01SMC_SS4,N,N,N,3292.1691,3292.1691,3778.2001,3292.1691,3292.1691,
8/13/2024 3:05:00 AM,01SNEST_SS,N,N,N,3391.6208,3391.6208,3778.2001,3391.6208,3391.6208,
8/13/2024 3:05:00 AM,01SNEST_T3L1,N,N,N,3401.8845,3401.8845,3778.2001,3401.8845,3401.8845,
8/13/2024 3:05:00 AM,01SNEST_T3L2,N,N,N,3401.8845,3401.8845,3778.2001,3401.8845,3401.8845,
8/13/2024 3:05:00 AM,01SNJOSE_L01,N,N,N,3514.4312,3514.4312,3778.2001,3514.4312,3514.4312,
8/13/2024 3:05:00 AM,01SNJOSE_SS,N,N,N,3506.9989,3506.9989,3778.2001,3506.9989,3506.9989,
8/13/2024 3:05:00 AM,01SNJOS_CAM,N,N,N,3514.4312,3514.4312,3778.2001,3514.4312,3514.4312,
8/13/2024 3:05:00 AM,01SNJOS_T1L1,N,N,N,3514.7851,3514.7851,3778.2001,3514.7851,3514.7851,
8/13/2024 3:05:00 AM,01SNJOS_T1L2,N,N,N,3546.6380,3546.6380,3778.2001,3546.6380,3546.6380,
8/13/2024 3:05:00 AM,01SNJOS_T1L3,N,N,N,3514.0773,3514.0773,3778.2001,3514.0773,3514.0773,
8/13/2024 3:05:00 AM,01SNMAN_BAT,N,N,N,3483.2862,3483.2862,3846.1277,3483.2862,3483.2862,
8/13/2024 3:05:00 AM,01SNMAN_LYO,N,N,N,3483.2862,3483.2862,3778.2001,3483.2862,3483.2862,
8/13/2024 3:05:00 AM,01SNMAN_SS,N,N,N,3467.0059,3467.0059,3778.2001,3467.0059,3467.0059,
8/13/2024 3:05:00 AM,01SNMAN_T1L2,N,N,N,3483.2862,3483.2862,3778.2001,3483.2862,3483.2862,
8/13/2024 3:05:00 AM,01SNMARSOL_G01,N,N,N,3396.2218,3396.2218,3699.7426,3396.2218,3396.2218,
8/13/2024 3:05:00 AM,01SNMAR_SS,N,N,N,3396.2218,3396.2218,3778.2001,3396.2218,3396.2218,
8/13/2024 3:05:00 AM,01SNM_PNELC3,N,N,N,3483.2862,3483.2862,3778.2001,3483.2862,3483.2862,
8/13/2024 3:05:00 AM,01SNTGO_SS,N,N,N,3603.2653,3603.2653,3778.2001,3603.2653,3603.2653,
8/13/2024 3:05:00 AM,01SNTGO_T1L1,N,N,N,3603.2653,3603.2653,3778.2001,3603.2653,3603.2653,
8/13/2024 3:05:00 AM,01SNTGO_T1L2,N,N,N,3603.2653,3603.2653,3778.2001,3603.2653,3603.2653,
8/13/2024 3:05:00 AM,01SNTGO_T1L3,N,N,N,3603.2653,3603.2653,3778.2001,3603.2653,3603.2653,
8/13/2024 3:05:00 AM,01SNTGO_T2L1,N,N,N,3603.2653,3603.2653,3778.2001,3603.2653,3603.2653,
8/13/2024 3:05:00 AM,01SNTGO_T2L2,N,N,N,3603.2653,3603.2653,3778.2001,3603.2653,3603.2653,
8/13/2024 3:05:00 AM,01SPABUL_G01,N,N,N,3542.0370,3542.0370,3827.6748,3542.0370,3542.0370,
8/13/2024 3:05:00 AM,01SROQUE_SS,N,N,N,3466.2980,3466.2980,3778.2001,3466.2980,3466.2980,
8/13/2024 3:05:00 AM,01SROQUE_U01,N,N,N,3466.2980,3466.2980,3771.2823,3466.2980,3466.2980,
8/13/2024 3:05:00 AM,01SROQUE_U02,N,N,N,3466.2980,3466.2980,3771.2823,3466.2980,3466.2980,
8/13/2024 3:05:00 AM,01SROQUE_U03,N,N,N,3466.2980,3466.2980,3771.2823,3466.2980,3466.2980,
8/13/2024 3:05:00 AM,01SUAL_G01,N,N,N,3392.6825,3392.6825,3827.2877,3392.6825,3392.6825,
8/13/2024 3:05:00 AM,01SUAL_G02,N,N,N,3539.2057,3539.2057,3855.8593,3539.2057,3539.2057,
8/13/2024 3:05:00 AM,01SUAL_T3L1,N,N,N,3401.1766,3401.1766,3778.2001,3401.1766,3401.1766,
8/13/2024 3:05:00 AM,01SUBIC_T3L1,N,N,N,3404.0080,3404.0080,3778.2001,3404.0080,3404.0080,
8/13/2024 3:05:00 AM,01SUBIC_T3L2,N,N,N,3404.0080,3404.0080,3778.2001,3404.0080,3404.0080,
8/13/2024 3:05:00 AM,01SUBSOL_G01,N,N,N,3404.0080,3404.0080,3708.3404,3404.0080,3404.0080,
8/13/2024 3:05:00 AM,01SUPSOL_G01,N,N,N,3404.0080,3404.0080,3708.3404,3404.0080,3404.0080,
8/13/2024 3:05:00 AM,01S_ENRO_G01,N,N,N,3404.0080,3404.0080,3708.3404,3404.0080,3404.0080,
8/13/2024 3:05:00 AM,01S_ENRO_SS,N,N,N,3404.0080,3404.0080,3778.2001,3404.0080,3404.0080,
8/13/2024 3:05:00 AM,01TERASU_G01,N,N,N,3517.2626,3517.2626,3813.4233,3517.2626,3517.2626,
8/13/2024 3:05:00 AM,01TGEGA_SS,N,N,N,3698.8238,3698.8238,3778.2001,3698.8238,3698.8238,
8/13/2024 3:05:00 AM,01TGEGA_T1L1,N,N,N,3703.7787,3703.7787,3778.2001,3703.7787,3703.7787,
8/13/2024 3:05:00 AM,01TG_CGELCO1,N,N,N,3703.7787,3703.7787,3778.2001,3703.7787,3703.7787,
8/13/2024 3:05:00 AM,01TG_CGELCO2,N,N,N,3703.7787,3703.7787,3778.2001,3703.7787,3703.7787,
8/13/2024 3:05:00 AM,01TG_ISELCO2,N,N,N,3703.7787,3703.7787,3778.2001,3703.7787,3703.7787,
8/13/2024 3:05:00 AM,01TPCBUNK_G01,N,N,N,3517.2626,3517.2626,3648.8368,3517.2626,3517.2626,
8/13/2024 3:05:00 AM,01TRASU_L01,N,N,N,3517.2626,3517.2626,3778.2001,3517.2626,3517.2626,
8/13/2024 3:05:00 AM,01TRUSTBIO_G01,N,N,N,3518.3243,3518.3243,3810.94,3518.3243,3518.3243,
8/13/2024 3:05:00 AM,01TRUSTSOL_G01,N,N,N,3518.3243,3518.3243,3810.94,3518.3243,3518.3243,
8/13/2024 3:05:00 AM,01T_ASIA_G01,N,N,N,3513.3695,3513.3695,3793.3254,3513.3695,3513.3695,
8/13/2024 3:05:00 AM,01T_ASI_T3L1,N,N,N,3513.3695,3513.3695,3778.2001,3513.3695,3513.3695,
8/13/2024 3:05:00 AM,01UPPC_G01,N,N,N,3518.3243,3518.3243,3810.94,3518.3243,3518.3243,
8/13/2024 3:05:00 AM,01VSGRIP_G01,N,N,N,3567.5193,3567.5193,3853.3795,3567.5193,3567.5193,
8/13/2024 3:05:00 AM,01YHGRN_G01,N,N,N,3399.0531,3399.0531,3701.8483,3399.0531,3399.0531,
8/13/2024 3:05:00 AM,01ZAMSOL_G01,N,N,N,3437.2765,3437.2765,3745.0721,3437.2765,3437.2765,
8/13/2024 3:05:00 AM,02ARANE_T1L1,N,N,N,3570.7046,3570.7046,3778.2001,3570.7046,3570.7046,
8/13/2024 3:05:00 AM,02BALNT_T1L1,N,N,N,3548.0537,3548.0537,3778.2001,3548.0537,3548.0537,
8/13/2024 3:05:00 AM,02DOLOR_T1L1,N,N,N,3571.4124,3571.4124,3778.2001,3571.4124,3571.4124,
8/13/2024 3:05:00 AM,02ECOPRK_G01,N,N,N,3548.0537,3548.0537,3821.3486,3548.0537,3548.0537,
8/13/2024 3:05:00 AM,02ECOTAGA_G01,N,N,N,3548.0537,3548.0537,3821.3486,3548.0537,3548.0537,
8/13/2024 3:05:00 AM,02MMPP_G01,N,N,N,3548.0537,3548.0537,3821.3486,3548.0537,3548.0537,
8/13/2024 3:05:00 AM,02PACO_T1L1,N,N,N,3577.0752,3577.0752,3778.2001,3577.0752,3577.0752,
8/13/2024 3:05:00 AM,02PNGEA_G01,N,N,N,3548.0537,3548.0537,3827.1097,3548.0537,3548.0537,
8/13/2024 3:05:00 AM,02PNGYSOL_G01,N,N,N,3571.4124,3571.4124,3845.3655,3571.4124,3571.4124,
8/13/2024 3:05:00 AM,02SMNRTH_G01,N,N,N,3548.0537,3548.0537,3821.3486,3548.0537,3548.0537,
8/13/2024 3:05:00 AM,02SUCAT_T1L1,N,N,N,3552.6546,3552.6546,3778.2001,3552.6546,3552.6546,
8/13/2024 3:05:00 AM,02TMOBIL_G01,N,N,N,3548.0537,3548.0537,3821.3486,3548.0537,3548.0537,
8/13/2024 3:05:00 AM,02TMOBIL_G02,N,N,N,3548.0537,3548.0537,3821.3486,3548.0537,3548.0537,
8/13/2024 3:05:00 AM,02TMOBIL_G03,N,N,N,3548.0537,3548.0537,3821.3486,3548.0537,3548.0537,
8/13/2024 3:05:00 AM,02TMOBIL_G04,N,N,N,3548.0537,3548.0537,3821.3486,3548.0537,3548.0537,
8/13/2024 3:05:00 AM,02VALSOL_G01,N,N,N,3548.0537,3548.0537,3821.3486,3548.0537,3548.0537,
8/13/2024 3:05:00 AM,02ZAPOT_SS,N,N,N,3533.8969,3533.8969,3778.2001,3533.8969,3533.8969,
8/13/2024 3:05:00 AM,02ZAPOT_T1L1,N,N,N,3540.2674,3540.2674,3778.2001,3540.2674,3540.2674,
8/13/2024 3:05:00 AM,03ADISOL_G01,N,N,N,3424.8893,3424.8893,3699.3658,3424.8893,3424.8893,
8/13/2024 3:05:00 AM,03ALMNOS_BAT1,N,N,N,3540.9753,3540.9753,3796.1726,3540.9753,3540.9753,
8/13/2024 3:05:00 AM,03ALMNOS_BAT2,N,N,N,3540.9753,3540.9753,4168.1987,3540.9753,3540.9753,
8/13/2024 3:05:00 AM,03AMADEO_T1L1,N,N,N,3499.5666,3499.5666,3778.2001,3499.5666,3499.5666,
8/13/2024 3:05:00 AM,03AVION_SS,N,N,N,3514.0773,3514.0773,3778.2001,3514.0773,3514.0773,
8/13/2024 3:05:00 AM,03AVION_U01,N,N,N,3513.3695,3513.3695,3770.2979,3513.3695,3513.3695,
8/13/2024 3:05:00 AM,03AVION_U02,N,N,N,3513.7234,3513.7234,3775.3878,3513.7234,3513.7234,
8/13/2024 3:05:00 AM,03AWOC_G01,N,N,N,3571.4124,3571.4124,3237.1184,3571.4124,3571.4124,
8/13/2024 3:05:00 AM,03BACMAN_SS,N,N,N,3400.1149,3400.1149,3778.2001,3400.1149,3400.1149,
8/13/2024 3:05:00 AM,03BACMAN_U01,N,N,N,3539.2057,3539.2057,3468.4464,3539.2057,3539.2057,
8/13/2024 3:05:00 AM,03BACMAN_U02,N,N,N,3400.1149,3400.1149,3469.6542,3400.1149,3400.1149,
8/13/2024 3:05:00 AM,03BACMAN_U03,N,N,N,3399.4070,3399.4070,3554.6705,3399.4070,3399.4070,
8/13/2024 3:05:00 AM,03BALUG_G01,N,N,N,3583.0918,3583.0918,3725.0259,3583.0918,3583.0918,
8/13/2024 3:05:00 AM,03BART_G01,N,N,N,3386.3120,3386.3120,3565.0550,3386.3120,3386.3120,
8/13/2024 3:05:00 AM,03BATAN_SS,N,N,N,3522.5714,3522.5714,3778.2001,3522.5714,3522.5714,
8/13/2024 3:05:00 AM,03BATAN_T1L2,N,N,N,3526.4645,3526.4645,3778.2001,3526.4645,3526.4645,
8/13/2024 3:05:00 AM,03BATAN_T2L2,N,N,N,3524.3410,3524.3410,3778.2001,3524.3410,3524.3410,
8/13/2024 3:05:00 AM,03BAT_BTLEC2,N,N,N,3526.4645,3526.4645,3778.2001,3526.4645,3526.4645,
8/13/2024 3:05:00 AM,03BAT_LIP01,N,N,N,3526.4645,3526.4645,3778.2001,3526.4645,3526.4645,
8/13/2024 3:05:00 AM,03BAT_LIP02,N,N,N,3526.4645,3526.4645,3778.2001,3526.4645,3526.4645,
8/13/2024 3:05:00 AM,03BAT_MECO,N,N,N,3526.4645,3526.4645,3778.2001,3526.4645,3526.4645,
8/13/2024 3:05:00 AM,03BAT_MECO1,N,N,N,3526.4645,3526.4645,3778.2001,3526.4645,3526.4645,
8/13/2024 3:05:00 AM,03BAT_MECO2,N,N,N,3526.4645,3526.4645,3778.2001,3526.4645,3526.4645,
8/13/2024 3:05:00 AM,03BAT_ROS01,N,N,N,3526.4645,3526.4645,3778.2001,3526.4645,3526.4645,
8/13/2024 3:05:00 AM,03BAT_T1L1,N,N,N,3526.4645,3526.4645,3778.2001,3526.4645,3526.4645,
8/13/2024 3:05:00 AM,03BAT_T2L1,N,N,N,3524.3410,3524.3410,3778.2001,3524.3410,3524.3410,
8/13/2024 3:05:00 AM,03BBEC_G01,N,N,N,3386.3120,3386.3120,3565.0628,3386.3120,3386.3120,
8/13/2024 3:05:00 AM,03BINAN_SS,N,N,N,3531.0655,3531.0655,3778.2001,3531.0655,3531.0655,
8/13/2024 3:05:00 AM,03BINAN_T1L1,N,N,N,3537.0821,3537.0821,3778.2001,3537.0821,3537.0821,
8/13/2024 3:05:00 AM,03BOTOCA_G01,N,N,N,3583.0918,3583.0918,3602.7195,3583.0918,3583.0918,
8/13/2024 3:05:00 AM,03BOTOCA_L01,N,N,N,3583.0918,3583.0918,3778.2001,3583.0918,3583.0918,
8/13/2024 3:05:00 AM,03BOTOCA_SS,N,N,N,3583.0918,3583.0918,3778.2001,3583.0918,3583.0918,
8/13/2024 3:05:00 AM,03CADPI_G01,N,N,N,3424.8893,3424.8893,3699.3658,3424.8893,3424.8893,
8/13/2024 3:05:00 AM,03CALACA_G01,N,N,N,3413.2099,3413.2099,3444.7607,3413.2099,3413.2099,
8/13/2024 3:05:00 AM,03CALACA_G02,N,N,N,3421.7040,3421.7040,3482.5592,3421.7040,3421.7040,
8/13/2024 3:05:00 AM,03CALAMBA_L01,N,N,N,3546.6380,3546.6380,3778.2001,3546.6380,3546.6380,
8/13/2024 3:05:00 AM,03CALAMBA_SS,N,N,N,3539.5596,3539.5596,3778.2001,3539.5596,3539.5596,
8/13/2024 3:05:00 AM,03CALAU_SS,N,N,N,3586.9849,3586.9849,3778.2001,3586.9849,3586.9849,
8/13/2024 3:05:00 AM,03CALAU_T1L1,N,N,N,3593.7094,3593.7094,3778.2001,3593.7094,3593.7094,
8/13/2024 3:05:00 AM,03CALIRY_G01,N,N,N,3583.0918,3583.0918,3838.3883,3583.0918,3583.0918,
8/13/2024 3:05:00 AM,03CALIRY_SS,N,N,N,3583.0918,3583.0918,3778.2001,3583.0918,3583.0918,
8/13/2024 3:05:00 AM,03CALIRY_SS1,N,N,N,3583.0918,3583.0918,3778.2001,3583.0918,3583.0918,
8/13/2024 3:05:00 AM,03CALIR_TAL1,N,N,N,3583.0918,3583.0918,3778.2001,3583.0918,3583.0918,
8/13/2024 3:05:00 AM,03CALI_FLECO,N,N,N,3583.0918,3583.0918,3778.2001,3583.0918,3583.0918,
8/13/2024 3:05:00 AM,03CALSOL_G01,N,N,N,3424.8893,3424.8893,3699.3658,3424.8893,3424.8893,
8/13/2024 3:05:00 AM,03CLABSOL_G01,N,N,N,3386.6659,3386.6659,3565.4356,3386.6659,3386.6659,
8/13/2024 3:05:00 AM,03CLACA_SS,N,N,N,3483.6401,3483.6401,3778.2001,3483.6401,3483.6401,
8/13/2024 3:05:00 AM,03CLA_BCNOT,N,N,N,3414.9795,3414.9795,3778.2001,3414.9795,3414.9795,
8/13/2024 3:05:00 AM,03CLA_BTLEC1,N,N,N,3424.8893,3424.8893,3778.2001,3424.8893,3424.8893,
8/13/2024 3:05:00 AM,03CLA_STLCOR,N,N,N,3424.8893,3424.8893,3778.2001,3424.8893,3424.8893,
8/13/2024 3:05:00 AM,03CLA_T1L1,N,N,N,3424.8893,3424.8893,3778.2001,3424.8893,3424.8893,
8/13/2024 3:05:00 AM,03CLBATO_G01,N,N,N,3593.7094,3593.7094,3861.3974,3593.7094,3593.7094,
8/13/2024 3:05:00 AM,03COLASI_G01,N,N,N,3472.3147,3472.3147,3677.9130,3472.3147,3472.3147,
8/13/2024 3:05:00 AM,03DARAG_SS,N,N,N,3404.3619,3404.3619,3778.2001,3404.3619,3404.3619,
8/13/2024 3:05:00 AM,03DARAG_T1L1,N,N,N,3539.2057,3539.2057,3778.2001,3539.2057,3539.2057,
8/13/2024 3:05:00 AM,03DAR_ALECO,N,N,N,3407.9011,3407.9011,3778.2001,3407.9011,3407.9011,
8/13/2024 3:05:00 AM,03DAR_SRECO2,N,N,N,3410.7325,3410.7325,3778.2001,3410.7325,3410.7325,
8/13/2024 3:05:00 AM,03DAR_STDOM,N,N,N,3407.9011,3407.9011,3778.2001,3407.9011,3407.9011,
8/13/2024 3:05:00 AM,03DASMA_L01,N,N,N,3514.0773,3514.0773,3778.2001,3514.0773,3514.0773,
8/13/2024 3:05:00 AM,03DASMA_SS,N,N,N,3499.9205,3499.9205,3778.2001,3499.9205,3499.9205,
8/13/2024 3:05:00 AM,03EERI_G01,N,N,N,3429.8442,3429.8442,3693.5281,3429.8442,3429.8442,
8/13/2024 3:05:00 AM,03EERI_G02,N,N,N,3429.8442,3429.8442,3693.4221,3429.8442,3429.8442,
8/13/2024 3:05:00 AM,03EERI_G03,N,N,N,3539.2057,3539.2057,3806.2678,3539.2057,3539.2057,
8/13/2024 3:05:00 AM,03EERI_L01,N,N,N,3429.8442,3429.8442,3778.2001,3429.8442,3429.8442,
8/13/2024 3:05:00 AM,03EERI_SS,N,N,N,3429.8442,3429.8442,3778.2001,3429.8442,3429.8442,
8/13/2024 3:05:00 AM,03GUMAC_SS,N,N,N,3526.4645,3526.4645,3778.2001,3526.4645,3526.4645,
8/13/2024 3:05:00 AM,03GUMAC_T1L1,N,N,N,3529.2959,3529.2959,3778.2001,3529.2959,3529.2959,
8/13/2024 3:05:00 AM,03GUMAC_T1L2,N,N,N,3529.2959,3529.2959,3778.2001,3529.2959,3529.2959,
8/13/2024 3:05:00 AM,03GUMAC_T1L3,N,N,N,3529.2959,3529.2959,3778.2001,3529.2959,3529.2959,
8/13/2024 3:05:00 AM,03GUMAC_T1L4,N,N,N,3529.2959,3529.2959,3778.2001,3529.2959,3529.2959,
8/13/2024 3:05:00 AM,03ILI500_SS,N,N,N,3429.8442,3429.8442,3778.2001,3429.8442,3429.8442,
8/13/2024 3:05:00 AM,03ILIJAN_G01,N,N,N,3428.7824,3428.7824,3637.5872,3428.7824,3428.7824,
8/13/2024 3:05:00 AM,03ILIJAN_G02,N,N,N,3429.1364,3429.1364,3747.0510,3429.1364,3429.1364,
8/13/2024 3:05:00 AM,03ILIJAN_SS,N,N,N,3428.7824,3428.7824,3778.2001,3428.7824,3428.7824,
8/13/2024 3:05:00 AM,03ILIJAN_SS2,N,N,N,3429.1364,3429.1364,3778.2001,3429.1364,3429.1364,
8/13/2024 3:05:00 AM,03INARI_G01,N,N,N,3386.6659,3386.6659,3489.1346,3386.6659,3386.6659,
8/13/2024 3:05:00 AM,03INGRID_GS1,N,N,N,3566.4575,3566.4575,4287.8549,3566.4575,3566.4575,
8/13/2024 3:05:00 AM,03INGRID_GS2,N,N,N,3566.4575,3566.4575,3835.9941,3566.4575,3566.4575,
8/13/2024 3:05:00 AM,03INGRID_GS3,N,N,N,3566.4575,3566.4575,3835.9941,3566.4575,3566.4575,
8/13/2024 3:05:00 AM,03INGRID_GS4,N,N,N,3566.4575,3566.4575,3835.9941,3566.4575,3566.4575,
8/13/2024 3:05:00 AM,03INGRID_GS5,N,N,N,3566.4575,3566.4575,3835.9941,3566.4575,3566.4575,
8/13/2024 3:05:00 AM,03INGRID_GS6,N,N,N,3566.4575,3566.4575,3835.9941,3566.4575,3566.4575,
8/13/2024 3:05:00 AM,03KAL_E_T1L1,N,N,N,3570.7046,3570.7046,3778.2001,3570.7046,3570.7046,
8/13/2024 3:05:00 AM,03KAL_G01,N,N,N,3570.3507,3570.3507,3833.7321,3570.3507,3570.3507,
8/13/2024 3:05:00 AM,03KAL_G02,N,N,N,3570.3507,3570.3507,3836.2963,3570.3507,3570.3507,
8/13/2024 3:05:00 AM,03KAL_G03,N,N,N,3578.1369,3578.1369,3778.2001,3578.1369,3578.1369,
8/13/2024 3:05:00 AM,03KAL_G04,N,N,N,3578.4908,3578.4908,3778.2001,3578.4908,3578.4908,
8/13/2024 3:05:00 AM,03KAL_SS,N,N,N,3570.3507,3570.3507,3778.2001,3570.3507,3570.3507,
8/13/2024 3:05:00 AM,03LABO_SS,N,N,N,3467.0059,3467.0059,3778.2001,3467.0059,3467.0059,
8/13/2024 3:05:00 AM,03LABO_T1L1,N,N,N,3472.3147,3472.3147,3778.2001,3472.3147,3472.3147,
8/13/2024 3:05:00 AM,03LABO_T1L2,N,N,N,3472.3147,3472.3147,3778.2001,3472.3147,3472.3147,
8/13/2024 3:05:00 AM,03LMHP_G01,N,N,N,3373.5708,3373.5708,3629.6672,3373.5708,3373.5708,
8/13/2024 3:05:00 AM,03LUMBAN_BAT,N,N,N,3570.7046,3570.7046,3832.8145,3570.7046,3570.7046,
8/13/2024 3:05:00 AM,03LUMBAN_BATL,N,N,N,3570.7046,3570.7046,3778.2001,3570.7046,3570.7046,
8/13/2024 3:05:00 AM,03LUMBAN_SS,N,N,N,3568.9350,3568.9350,3778.2001,3568.9350,3568.9350,
8/13/2024 3:05:00 AM,03LWERLAB_G01,N,N,N,3568.9350,3568.9350,3792.6084,3568.9350,3568.9350,
8/13/2024 3:05:00 AM,03MAJAY_G01,N,N,N,3583.0918,3583.0918,3837.1491,3583.0918,3583.0918,
8/13/2024 3:05:00 AM,03MAKBA_T3L1,N,N,N,3540.9753,3540.9753,3778.2001,3540.9753,3540.9753,
8/13/2024 3:05:00 AM,03MAKBA_T3L2,N,N,N,3539.2057,3539.2057,3778.2001,3539.2057,3539.2057,
8/13/2024 3:05:00 AM,03MALAYA_G01,N,N,N,3566.4575,3566.4575,3835.9941,3566.4575,3566.4575,
8/13/2024 3:05:00 AM,03MALAYA_G02,N,N,N,3539.2057,3539.2057,2916.7240,3539.2057,3539.2057,
8/13/2024 3:05:00 AM,03MEC_G01,N,N,N,3514.0773,3514.0773,3773.4021,3514.0773,3514.0773,
8/13/2024 3:05:00 AM,03MGI_G02,N,N,N,3593.7094,3593.7094,3852.0927,3593.7094,3593.7094,
8/13/2024 3:05:00 AM,03MGPP_G01,N,N,N,3593.7094,3593.7094,3851.5580,3593.7094,3593.7094,
8/13/2024 3:05:00 AM,03MKBNA_SS,N,N,N,3539.2057,3539.2057,3778.2001,3539.2057,3539.2057,
8/13/2024 3:05:00 AM,03MKBNB_SS,N,N,N,3538.4978,3538.4978,3778.2001,3538.4978,3538.4978,
8/13/2024 3:05:00 AM,03MKBNC_SS,N,N,N,3539.2057,3539.2057,3778.2001,3539.2057,3539.2057,
8/13/2024 3:05:00 AM,03MKBND_SS,N,N,N,3537.79,3537.79,3778.2001,3537.79,3537.79,
8/13/2024 3:05:00 AM,03MKBNE_SS,N,N,N,3540.9753,3540.9753,3778.2001,3540.9753,3540.9753,
8/13/2024 3:05:00 AM,03MKBN_A,N,N,N,3517.2626,3517.2626,3777.1957,3517.2626,3517.2626,
8/13/2024 3:05:00 AM,03MKBN_B,N,N,N,3532.8351,3532.8351,3757.5681,3532.8351,3532.8351,
8/13/2024 3:05:00 AM,03MKBN_C,N,N,N,3539.2057,3539.2057,3806.2678,3539.2057,3539.2057,
8/13/2024 3:05:00 AM,03MKBN_D,N,N,N,3533.5429,3533.5429,3816.7876,3533.5429,3533.5429,
8/13/2024 3:05:00 AM,03MKBN_E,N,N,N,3540.9753,3540.9753,3796.9978,3540.9753,3540.9753,
8/13/2024 3:05:00 AM,03MKBN_SLACE,N,N,N,3540.9753,3540.9753,3778.2001,3540.9753,3540.9753,
8/13/2024 3:05:00 AM,03MLAYA_L01,N,N,N,3566.4575,3566.4575,3778.2001,3566.4575,3566.4575,
8/13/2024 3:05:00 AM,03MLAYA_SS,N,N,N,3566.4575,3566.4575,3778.2001,3566.4575,3566.4575,
8/13/2024 3:05:00 AM,03MLAYA_SS1,N,N,N,3566.4575,3566.4575,3778.2001,3566.4575,3566.4575,
8/13/2024 3:05:00 AM,03MLAYA_T2L1,N,N,N,3566.4575,3566.4575,3778.2001,3566.4575,3566.4575,
8/13/2024 3:05:00 AM,03MLAYA_T2L2,N,N,N,3539.2057,3539.2057,3778.2001,3539.2057,3539.2057,
8/13/2024 3:05:00 AM,03NAG_CSRC2B,N,N,N,3386.6659,3386.6659,3778.2001,3386.6659,3386.6659,
8/13/2024 3:05:00 AM,03NAG_CSRCO1,N,N,N,3386.6659,3386.6659,3778.2001,3386.6659,3386.6659,
8/13/2024 3:05:00 AM,03NAG_CSRCO2,N,N,N,3386.6659,3386.6659,3778.2001,3386.6659,3386.6659,
8/13/2024 3:05:00 AM,03NAG_CSRCO3,N,N,N,3386.3120,3386.3120,3778.2001,3386.3120,3386.3120,
8/13/2024 3:05:00 AM,03NAG_CSRCO4,N,N,N,3386.3120,3386.3120,3778.2001,3386.3120,3386.3120,
8/13/2024 3:05:00 AM,03NAG_SS,N,N,N,3385.9581,3385.9581,3778.2001,3385.9581,3385.9581,
8/13/2024 3:05:00 AM,03ORMAT_G01,N,N,N,3540.9753,3540.9753,3762.6836,3540.9753,3540.9753,
8/13/2024 3:05:00 AM,03ORMAT_SS,N,N,N,3540.9753,3540.9753,3778.2001,3540.9753,3540.9753,
8/13/2024 3:05:00 AM,03PAGBIL_G01,N,N,N,3403.3002,3403.3002,3715.0847,3403.3002,3403.3002,
8/13/2024 3:05:00 AM,03PAGBIL_G02,N,N,N,3402.2384,3402.2384,3822.4736,3402.2384,3402.2384,
8/13/2024 3:05:00 AM,03PAGBIL_G03,N,N,N,3401.8845,3401.8845,3731.3150,3401.8845,3401.8845,
8/13/2024 3:05:00 AM,03PAGEHV_SS,N,N,N,3423.8276,3423.8276,3778.2001,3423.8276,3423.8276,
8/13/2024 3:05:00 AM,03PALAK_G01,N,N,N,3593.7094,3593.7094,3851.4145,3593.7094,3593.7094,
8/13/2024 3:05:00 AM,03PALAYAN_G01,N,N,N,3539.2057,3539.2057,3302.9861,3539.2057,3539.2057,
8/13/2024 3:05:00 AM,03PGBIL_SS,N,N,N,3403.3002,3403.3002,3778.2001,3403.3002,3403.3002,
8/13/2024 3:05:00 AM,03PGBIL_SS1,N,N,N,3403.3002,3403.3002,3778.2001,3403.3002,3403.3002,
8/13/2024 3:05:00 AM,03PGBIL_SS2,N,N,N,3403.3002,3403.3002,3778.2001,3403.3002,3403.3002,
8/13/2024 3:05:00 AM,03QPPL_G01,N,N,N,3373.5708,3373.5708,3736.7716,3373.5708,3373.5708,
8/13/2024 3:05:00 AM,03QPPL_SU1,N,N,N,3373.5708,3373.5708,3778.2001,3373.5708,3373.5708,
8/13/2024 3:05:00 AM,03QPPL_T5L1,N,N,N,3373.5708,3373.5708,3778.2001,3373.5708,3373.5708,
8/13/2024 3:05:00 AM,03RCBMI_G01,N,N,N,3524.3410,3524.3410,3770.2749,3524.3410,3524.3410,
8/13/2024 3:05:00 AM,03RCBMI_G02,N,N,N,3524.3410,3524.3410,3770.2749,3524.3410,3524.3410,
8/13/2024 3:05:00 AM,03SBPL_G01,N,N,N,3373.5708,3373.5708,3630.6521,3373.5708,3373.5708,
8/13/2024 3:05:00 AM,03SBPL_L01,N,N,N,3373.5708,3373.5708,3778.2001,3373.5708,3373.5708,
8/13/2024 3:05:00 AM,03SLPGC_G01,N,N,N,3539.2057,3539.2057,2766.7973,3539.2057,3539.2057,
8/13/2024 3:05:00 AM,03SLPGC_G02,N,N,N,3404.3619,3404.3619,3676.5796,3404.3619,3404.3619,
8/13/2024 3:05:00 AM,03SLPGC_SS,N,N,N,3421.3501,3421.3501,3778.2001,3421.3501,3421.3501,
8/13/2024 3:05:00 AM,03SLTEC_G01,N,N,N,3539.2057,3539.2057,3416.96,3539.2057,3539.2057,
8/13/2024 3:05:00 AM,03SLTEC_G02,N,N,N,3413.5639,3413.5639,3682.6103,3413.5639,3413.5639,
8/13/2024 3:05:00 AM,03SLTEC_SS,N,N,N,3414.9795,3414.9795,3778.2001,3414.9795,3414.9795,
8/13/2024 3:05:00 AM,03SNGAB_G01,N,N,N,3509.1224,3509.1224,4162.2277,3509.1224,3509.1224,
8/13/2024 3:05:00 AM,03SNGAB_S01,N,N,N,3509.1224,3509.1224,3778.2001,3509.1224,3509.1224,
8/13/2024 3:05:00 AM,03SOLACE_G01,N,N,N,3540.9753,3540.9753,3796.1726,3540.9753,3540.9753,
8/13/2024 3:05:00 AM,03STA-RI_G01,N,N,N,3387.3737,3387.3737,3491.4925,3387.3737,3387.3737,
8/13/2024 3:05:00 AM,03STA-RI_G02,N,N,N,3539.2057,3539.2057,3398.4488,3539.2057,3539.2057,
8/13/2024 3:05:00 AM,03STA-RI_G03,N,N,N,3396.2218,3396.2218,3670.8887,3396.2218,3396.2218,
8/13/2024 3:05:00 AM,03STA-RI_G04,N,N,N,3396.2218,3396.2218,3672.5259,3396.2218,3396.2218,
8/13/2024 3:05:00 AM,03STA-RI_G05,N,N,N,3513.3695,3513.3695,3815.5539,3513.3695,3513.3695,
8/13/2024 3:05:00 AM,03STA-RI_G06,N,N,N,3513.3695,3513.3695,3815.1931,3513.3695,3513.3695,
8/13/2024 3:05:00 AM,03STAR_SS1,N,N,N,3387.3737,3387.3737,3778.2001,3387.3737,3387.3737,
8/13/2024 3:05:00 AM,03STAR_SS2,N,N,N,3539.2057,3539.2057,3778.2001,3539.2057,3539.2057,
8/13/2024 3:05:00 AM,03STAR_SS3,N,N,N,3396.2218,3396.2218,3778.2001,3396.2218,3396.2218,
8/13/2024 3:05:00 AM,03STAR_SS4,N,N,N,3396.2218,3396.2218,3778.2001,3396.2218,3396.2218,
8/13/2024 3:05:00 AM,03STAR_SS5,N,N,N,3513.3695,3513.3695,3778.2001,3513.3695,3513.3695,
8/13/2024 3:05:00 AM,03STAR_SS6,N,N,N,3513.3695,3513.3695,3778.2001,3513.3695,3513.3695,
8/13/2024 3:05:00 AM,03STROS_T1L1,N,N,N,3537.0821,3537.0821,3778.2001,3537.0821,3537.0821,
8/13/2024 3:05:00 AM,03TAYAB_SS,N,N,N,3428.7824,3428.7824,3778.2001,3428.7824,3428.7824,
8/13/2024 3:05:00 AM,03TAYAB_T1L1,N,N,N,3428.0746,3428.0746,3778.2001,3428.0746,3428.0746,
8/13/2024 3:05:00 AM,03TAYAB_T1L2,N,N,N,3428.0746,3428.0746,3778.2001,3428.0746,3428.0746,
8/13/2024 3:05:00 AM,03TGPP_G01,N,N,N,3373.9248,3373.9248,3549.9090,3373.9248,3373.9248,
8/13/2024 3:05:00 AM,03TGPP_L01,N,N,N,3373.9248,3373.9248,3778.2001,3373.9248,3373.9248,
8/13/2024 3:05:00 AM,03TIBAG_G01,N,N,N,3568.9350,3568.9350,3831.5172,3568.9350,3568.9350,
8/13/2024 3:05:00 AM,03TIWIA_SS,N,N,N,3374.9865,3374.9865,3778.2001,3374.9865,3374.9865,
8/13/2024 3:05:00 AM,03TIWIC_L01,N,N,N,3539.2057,3539.2057,3778.2001,3539.2057,3539.2057,
8/13/2024 3:05:00 AM,03TIWIC_SS,N,N,N,3375.6944,3375.6944,3778.2001,3375.6944,3375.6944,
8/13/2024 3:05:00 AM,03TIWI_A,N,N,N,3374.9865,3374.9865,3726.4270,3374.9865,3374.9865,
8/13/2024 3:05:00 AM,03TIWI_C,N,N,N,3374.6326,3374.6326,3545.1705,3374.6326,3374.6326,
8/13/2024 3:05:00 AM,03UPLAB_G01,N,N,N,3570.7046,3570.7046,3827.6887,3570.7046,3570.7046,
8/13/2024 3:05:00 AM,04BABAT_SS,N,N,N,3816.3255,3816.3255,3778.2001,3816.3255,3816.3255,
8/13/2024 3:05:00 AM,04BABAT_T1L1,N,N,N,3815.9715,3815.9715,3778.2001,3815.9715,3815.9715,
8/13/2024 3:05:00 AM,04BAGLI_T1L1,N,N,N,3818.8029,3818.8029,3778.2001,3818.8029,3818.8029,
8/13/2024 3:05:00 AM,04BAGLI_T1L2,N,N,N,3818.8029,3818.8029,3778.2001,3818.8029,3818.8029,
8/13/2024 3:05:00 AM,04BILGPP_G01,N,N,N,3709.4415,3709.4415,3799.4605,3709.4415,3709.4415,
8/13/2024 3:05:00 AM,04CLBYBNK_G01,N,N,N,3888.8792,3888.8792,4094.2214,3888.8792,3888.8792,
8/13/2024 3:05:00 AM,04CLBYOG_L02,N,N,N,3888.8792,3888.8792,3778.2001,3888.8792,3888.8792,
8/13/2024 3:05:00 AM,04CLBYOG_SS,N,N,N,3890.2949,3890.2949,3778.2001,3890.2949,3890.2949,
8/13/2024 3:05:00 AM,04IASMOD_G01,N,N,N,3722.1826,3722.1826,3669.4498,3722.1826,3722.1826,
8/13/2024 3:05:00 AM,04IASMOD_G02,N,N,N,3722.1826,3722.1826,4374.2077,3722.1826,3722.1826,
8/13/2024 3:05:00 AM,04IASMOD_G03,N,N,N,3722.1826,3722.1826,4397.7289,3722.1826,3722.1826,
8/13/2024 3:05:00 AM,04IASMOD_G04,N,N,N,3722.1826,3722.1826,3890.4414,3722.1826,3722.1826,
8/13/2024 3:05:00 AM,04IASMOD_G05,N,N,N,3722.1826,3722.1826,4073.5288,3722.1826,3722.1826,
8/13/2024 3:05:00 AM,04IASMOD_G06,N,N,N,3722.1826,3722.1826,3834.76,3722.1826,3722.1826,
8/13/2024 3:05:00 AM,04ISABE_SS,N,N,N,3722.1826,3722.1826,3778.2001,3722.1826,3722.1826,
8/13/2024 3:05:00 AM,04ISABE_T1L1,N,N,N,3722.1826,3722.1826,3778.2001,3722.1826,3722.1826,
8/13/2024 3:05:00 AM,04ISABE_T2L1,N,N,N,3722.1826,3722.1826,3778.2001,3722.1826,3722.1826,
8/13/2024 3:05:00 AM,04ISABE_T3L1,N,N,N,3722.1826,3722.1826,3778.2001,3722.1826,3722.1826,
8/13/2024 3:05:00 AM,04ISABE_T4L2,N,N,N,3722.1826,3722.1826,3778.2001,3722.1826,3722.1826,
8/13/2024 3:05:00 AM,04ISABE_T5L2,N,N,N,3722.1826,3722.1826,3778.2001,3722.1826,3722.1826,
8/13/2024 3:05:00 AM,04LEYTE_A,N,N,N,3704.4866,3704.4866,3934.6055,3704.4866,3704.4866,
8/13/2024 3:05:00 AM,04LEYTE_S01,N,N,N,3704.4866,3704.4866,3778.2001,3704.4866,3704.4866,
8/13/2024 3:05:00 AM,04LGPP_G01,N,N,N,3702.3630,3702.3630,3873.4872,3702.3630,3702.3630,
8/13/2024 3:05:00 AM,04MAASI_SS,N,N,N,3928.5183,3928.5183,3778.2001,3928.5183,3928.5183,
8/13/2024 3:05:00 AM,04MAASI_T1L1,N,N,N,3932.4114,3932.4114,3778.2001,3932.4114,3932.4114,
8/13/2024 3:05:00 AM,04MAASI_T2L2,N,N,N,3932.4114,3932.4114,3778.2001,3932.4114,3932.4114,
8/13/2024 3:05:00 AM,04ORMOC_BAT,N,N,N,3709.4415,3709.4415,3954.2798,3709.4415,3709.4415,
8/13/2024 3:05:00 AM,04ORMOC_SS,N,N,N,3708.7336,3708.7336,3778.2001,3708.7336,3708.7336,
8/13/2024 3:05:00 AM,04ORMOC_T2L1,N,N,N,3709.4415,3709.4415,3778.2001,3709.4415,3709.4415,
8/13/2024 3:05:00 AM,04ORMOC_T2L2,N,N,N,3709.4415,3709.4415,3778.2001,3709.4415,3709.4415,
8/13/2024 3:05:00 AM,04PARA_SS,N,N,N,3864.1047,3864.1047,3778.2001,3864.1047,3864.1047,
8/13/2024 3:05:00 AM,04PHSOL_G01,N,N,N,3709.4415,3709.4415,3954.2798,3709.4415,3709.4415,
8/13/2024 3:05:00 AM,04SEPSOL_G01,N,N,N,3709.4415,3709.4415,3954.2798,3709.4415,3709.4415,
8/13/2024 3:05:00 AM,04SNAGU_L01,N,N,N,3888.8792,3888.8792,3778.2001,3888.8792,3888.8792,
8/13/2024 3:05:00 AM,04STAR_SS,N,N,N,3819.1568,3819.1568,3778.2001,3819.1568,3819.1568,
8/13/2024 3:05:00 AM,04TABAN_SS,N,N,N,3681.4817,3681.4817,3778.2001,3681.4817,3681.4817,
8/13/2024 3:05:00 AM,04TABAN_T1L1,N,N,N,3539.2057,3539.2057,3778.2001,3539.2057,3539.2057,
8/13/2024 3:05:00 AM,04TAFT_G01,N,N,N,3923.2095,3923.2095,4004.8094,3923.2095,3923.2095,
8/13/2024 3:05:00 AM,04TONGO_T2L2,N,N,N,3702.7170,3702.7170,3778.2001,3702.7170,3702.7170,
8/13/2024 3:05:00 AM,04WRIGH_T1L1,N,N,N,3863.7508,3863.7508,3778.2001,3863.7508,3863.7508,
8/13/2024 3:05:00 AM,04WRIGH_T2L2,N,N,N,3923.2095,3923.2095,3778.2001,3923.2095,3923.2095,
8/13/2024 3:05:00 AM,05BANIL_T1L1,N,N,N,3565.0419,3565.0419,3778.2001,3565.0419,3565.0419,
8/13/2024 3:05:00 AM,05BANIL_T1L2,N,N,N,3565.3958,3565.3958,3778.2001,3565.3958,3565.3958,
8/13/2024 3:05:00 AM,05BANIL_T1L3,N,N,N,3564.6879,3564.6879,3778.2001,3564.6879,3564.6879,
8/13/2024 3:05:00 AM,05CALUNG_CEP,N,N,N,3506.6450,3506.6450,3778.2001,3506.6450,3506.6450,
8/13/2024 3:05:00 AM,05CARMENDPP_U01,N,N,N,3517.9704,3517.9704,3701.9138,3517.9704,3517.9704,
8/13/2024 3:05:00 AM,05CARMENDPP_U02,N,N,N,3517.9704,3517.9704,3701.9138,3517.9704,3517.9704,
8/13/2024 3:05:00 AM,05CARMENDPP_U03,N,N,N,3517.9704,3517.9704,3701.9138,3517.9704,3517.9704,
8/13/2024 3:05:00 AM,05CARMENDPP_U04,N,N,N,3517.9704,3517.9704,3701.9138,3517.9704,3517.9704,
8/13/2024 3:05:00 AM,05CDPPI_SS1,N,N,N,3539.2057,3539.2057,3778.2001,3539.2057,3539.2057,
8/13/2024 3:05:00 AM,05CDPPI_SS2,N,N,N,3539.2057,3539.2057,3778.2001,3539.2057,3539.2057,
8/13/2024 3:05:00 AM,05CEBU_SS,N,N,N,3551.2390,3551.2390,3778.2001,3551.2390,3551.2390,
8/13/2024 3:05:00 AM,05CEDC_SS,N,N,N,3502.3979,3502.3979,3778.2001,3502.3979,3502.3979,
8/13/2024 3:05:00 AM,05CEDC_U01,N,N,N,3501.6901,3501.6901,3775.3450,3501.6901,3501.6901,
8/13/2024 3:05:00 AM,05CEDC_U02,N,N,N,3502.0440,3502.0440,3775.7097,3502.0440,3502.0440,
8/13/2024 3:05:00 AM,05CEDC_U03,N,N,N,3502.0440,3502.0440,3741.0464,3502.0440,3502.0440,
8/13/2024 3:05:00 AM,05CEMEX_L01,N,N,N,3539.2057,3539.2057,3778.2001,3539.2057,3539.2057,
8/13/2024 3:05:00 AM,05COLON_L01,N,N,N,3539.9135,3539.9135,3778.2001,3539.9135,3539.9135,
8/13/2024 3:05:00 AM,05COMPS_SS,N,N,N,3592.6477,3592.6477,3778.2001,3592.6477,3592.6477,
8/13/2024 3:05:00 AM,05COMPS_T1L1,N,N,N,3595.1251,3595.1251,3778.2001,3595.1251,3595.1251,
8/13/2024 3:05:00 AM,05COMPS_T2L2,N,N,N,3595.1251,3595.1251,3778.2001,3595.1251,3595.1251,
8/13/2024 3:05:00 AM,05CPPC_U01,N,N,N,3560.0870,3560.0870,3749.1358,3560.0870,3560.0870,
8/13/2024 3:05:00 AM,05CPPC_U02,N,N,N,3560.0870,3560.0870,3749.1358,3560.0870,3560.0870,
8/13/2024 3:05:00 AM,05CPPC_U03,N,N,N,3560.0870,3560.0870,3749.1358,3560.0870,3560.0870,
8/13/2024 3:05:00 AM,05CPPC_U04,N,N,N,3560.0870,3560.0870,3749.1358,3560.0870,3560.0870,
8/13/2024 3:05:00 AM,05CPPC_U05,N,N,N,3560.0870,3560.0870,3749.1358,3560.0870,3560.0870,
8/13/2024 3:05:00 AM,05CPPC_U06,N,N,N,3560.0870,3560.0870,3749.1358,3560.0870,3560.0870,
8/13/2024 3:05:00 AM,05CPPC_U07,N,N,N,3560.0870,3560.0870,3749.1358,3560.0870,3560.0870,
8/13/2024 3:05:00 AM,05CPPC_U08,N,N,N,3560.0870,3560.0870,3749.1358,3560.0870,3560.0870,
8/13/2024 3:05:00 AM,05CPPC_U09,N,N,N,3560.0870,3560.0870,3749.1358,3560.0870,3560.0870,
8/13/2024 3:05:00 AM,05CPPC_U10,N,N,N,3560.0870,3560.0870,3749.1358,3560.0870,3560.0870,
8/13/2024 3:05:00 AM,05DAANB_SS,N,N,N,3646.0897,3646.0897,3778.2001,3646.0897,3646.0897,
8/13/2024 3:05:00 AM,05DMAN_SS,N,N,N,3490.7185,3490.7185,3778.2001,3490.7185,3490.7185,
8/13/2024 3:05:00 AM,05DMA_L01,N,N,N,3481.1627,3481.1627,3778.2001,3481.1627,3481.1627,
8/13/2024 3:05:00 AM,05EAUC_U01,N,N,N,3586.6310,3586.6310,3779.1345,3586.6310,3586.6310,
8/13/2024 3:05:00 AM,05EAUC_U02,N,N,N,3586.6310,3586.6310,3779.1345,3586.6310,3586.6310,
8/13/2024 3:05:00 AM,05EAUC_U03,N,N,N,3586.6310,3586.6310,3779.1345,3586.6310,3586.6310,
8/13/2024 3:05:00 AM,05EAUC_U04,N,N,N,3586.6310,3586.6310,3779.1345,3586.6310,3586.6310,
8/13/2024 3:05:00 AM,05KSPC_G01,N,N,N,3539.2057,3539.2057,3581.2260,3539.2057,3539.2057,
8/13/2024 3:05:00 AM,05KSPC_G02,N,N,N,3537.4361,3537.4361,3540.4645,3537.4361,3537.4361,
8/13/2024 3:05:00 AM,05KSPC_SS1,N,N,N,3538.1439,3538.1439,3778.2001,3538.1439,3538.1439,
8/13/2024 3:05:00 AM,05KSPC_SS2,N,N,N,3537.4361,3537.4361,3778.2001,3537.4361,3537.4361,
8/13/2024 3:05:00 AM,05LAPU_SS,N,N,N,3584.1536,3584.1536,3778.2001,3584.1536,3584.1536,
8/13/2024 3:05:00 AM,05MCTAN_T1L1,N,N,N,3586.6310,3586.6310,3778.2001,3586.6310,3586.6310,
8/13/2024 3:05:00 AM,05MNDUE_SS,N,N,N,3580.9683,3580.9683,3778.2001,3580.9683,3580.9683,
8/13/2024 3:05:00 AM,05MNDUE_T1L1,N,N,N,3582.7379,3582.7379,3778.2001,3582.7379,3582.7379,
8/13/2024 3:05:00 AM,05MNDUE_T1L2,N,N,N,3582.7379,3582.7379,3778.2001,3582.7379,3582.7379,
8/13/2024 3:05:00 AM,05MNDUE_T1L4,N,N,N,3582.7379,3582.7379,3778.2001,3582.7379,3582.7379,
8/13/2024 3:05:00 AM,05MNDUE_T1L5,N,N,N,3582.7379,3582.7379,3778.2001,3582.7379,3582.7379,
8/13/2024 3:05:00 AM,05NAGA_T1L1,N,N,N,3539.2057,3539.2057,3778.2001,3539.2057,3539.2057,
8/13/2024 3:05:00 AM,05NAGA_T2L2,N,N,N,3539.2057,3539.2057,3778.2001,3539.2057,3539.2057,
8/13/2024 3:05:00 AM,05NAGLES_L01,N,N,N,3546.9919,3546.9919,3778.2001,3546.9919,3546.9919,
8/13/2024 3:05:00 AM,05NNAGVE_L01,N,N,N,3539.2057,3539.2057,3778.2001,3539.2057,3539.2057,
8/13/2024 3:05:00 AM,05NNAGVE_L02,N,N,N,3539.2057,3539.2057,3778.2001,3539.2057,3539.2057,
8/13/2024 3:05:00 AM,05QUIOT_T1L1,N,N,N,3560.0870,3560.0870,3778.2001,3560.0870,3560.0870,
8/13/2024 3:05:00 AM,05SAMB_L01,N,N,N,3429.8442,3429.8442,3778.2001,3429.8442,3429.8442,
8/13/2024 3:05:00 AM,05SAMB_L02,N,N,N,3539.2057,3539.2057,3778.2001,3539.2057,3539.2057,
8/13/2024 3:05:00 AM,05SAMB_SS,N,N,N,3429.8442,3429.8442,3778.2001,3429.8442,3429.8442,
8/13/2024 3:05:00 AM,05TALATR1_SS,N,N,N,3506.6450,3506.6450,3778.2001,3506.6450,3506.6450,
8/13/2024 3:05:00 AM,05TALAV_SS,N,N,N,3506.2910,3506.2910,3778.2001,3506.2910,3506.2910,
8/13/2024 3:05:00 AM,05TALAV_T1L1,N,N,N,3506.6450,3506.6450,3778.2001,3506.6450,3506.6450,
8/13/2024 3:05:00 AM,05TALIS_T1L1,N,N,N,3539.2057,3539.2057,3778.2001,3539.2057,3539.2057,
8/13/2024 3:05:00 AM,05THVI_SS1,N,N,N,3510.8920,3510.8920,3778.2001,3510.8920,3510.8920,
8/13/2024 3:05:00 AM,05THVI_SS2,N,N,N,3510.8920,3510.8920,3778.2001,3510.8920,3510.8920,
8/13/2024 3:05:00 AM,05THVI_U01,N,N,N,3510.8920,3510.8920,3696.8620,3510.8920,3510.8920,
8/13/2024 3:05:00 AM,05THVI_U02,N,N,N,3510.8920,3510.8920,3695.3137,3510.8920,3510.8920,
8/13/2024 3:05:00 AM,05TOLEDO_BAT,N,N,N,3506.2910,3506.2910,3689.2786,3506.2910,3506.2910,
8/13/2024 3:05:00 AM,05TOLSOL_G01,N,N,N,3506.6450,3506.6450,3689.3766,3506.6450,3506.6450,
8/13/2024 3:05:00 AM,05TOL_CARMEN,N,N,N,3517.9704,3517.9704,3778.2001,3517.9704,3517.9704,
8/13/2024 3:05:00 AM,05TPC_G01,N,N,N,3517.9704,3517.9704,3701.9138,3517.9704,3517.9704,
8/13/2024 3:05:00 AM,05TPC_G02,N,N,N,3517.9704,3517.9704,3708.2620,3517.9704,3517.9704,
8/13/2024 3:05:00 AM,05TPC_L01,N,N,N,3517.9704,3517.9704,3778.2001,3517.9704,3517.9704,
8/13/2024 3:05:00 AM,05TPC_S01,N,N,N,3517.9704,3517.9704,3778.2001,3517.9704,3517.9704,
8/13/2024 3:05:00 AM,05TPC_S02,N,N,N,3517.9704,3517.9704,3778.2001,3517.9704,3517.9704,
8/13/2024 3:05:00 AM,05TPVI_U01,N,N,N,3539.2057,3539.2057,3725.7901,3539.2057,3539.2057,
8/13/2024 3:05:00 AM,05TPVI_U02,N,N,N,3539.2057,3539.2057,3725.7901,3539.2057,3539.2057,
8/13/2024 3:05:00 AM,05TPVI_U03,N,N,N,3539.2057,3539.2057,3725.7901,3539.2057,3539.2057,
8/13/2024 3:05:00 AM,05TPVI_U04,N,N,N,3539.2057,3539.2057,3725.7901,3539.2057,3539.2057,
8/13/2024 3:05:00 AM,05TPVI_U05,N,N,N,3539.2057,3539.2057,3725.7901,3539.2057,3539.2057,
8/13/2024 3:05:00 AM,05TPVI_U06,N,N,N,3539.2057,3539.2057,3725.7901,3539.2057,3539.2057,
8/13/2024 3:05:00 AM,06AMLAN_SS,N,N,N,3393.3904,3393.3904,3778.2001,3393.3904,3393.3904,
8/13/2024 3:05:00 AM,06AMLAN_T1L1,N,N,N,3394.8061,3394.8061,3778.2001,3394.8061,3394.8061,
8/13/2024 3:05:00 AM,06AMLAN_T2L2,N,N,N,3394.8061,3394.8061,3778.2001,3394.8061,3394.8061,
8/13/2024 3:05:00 AM,06AMLA_G01,N,N,N,3394.8061,3394.8061,3599.0151,3394.8061,3394.8061,
8/13/2024 3:05:00 AM,06BACOL_SS,N,N,N,3552.6546,3552.6546,3778.2001,3552.6546,3552.6546,
8/13/2024 3:05:00 AM,06BACOL_T1L1,N,N,N,3551.9468,3551.9468,3778.2001,3551.9468,3551.9468,
8/13/2024 3:05:00 AM,06BACOL_T1L2,N,N,N,3551.9468,3551.9468,3778.2001,3551.9468,3551.9468,
8/13/2024 3:05:00 AM,06BACOL_T2L2,N,N,N,3551.9468,3551.9468,3778.2001,3551.9468,3551.9468,
8/13/2024 3:05:00 AM,06BACOL_T3L3,N,N,N,3551.9468,3551.9468,3778.2001,3551.9468,3551.9468,
8/13/2024 3:05:00 AM,06BBGPP_G01,N,N,N,3549.4694,3549.4694,3887.6413,3549.4694,3549.4694,
8/13/2024 3:05:00 AM,06BBGPP_L01,N,N,N,3549.4694,3549.4694,3778.2001,3549.4694,3549.4694,
8/13/2024 3:05:00 AM,06BCLBAS_LD1,N,N,N,3551.9468,3551.9468,3778.2001,3551.9468,3551.9468,
8/13/2024 3:05:00 AM,06BCL_SS,N,N,N,3553.3625,3553.3625,3778.2001,3553.3625,3553.3625,
8/13/2024 3:05:00 AM,06BISCOM_G01,N,N,N,3509.4763,3509.4763,3704.0172,3509.4763,3509.4763,
8/13/2024 3:05:00 AM,06CABI_G01,N,N,N,3394.8061,3394.8061,3599.0151,3394.8061,3394.8061,
8/13/2024 3:05:00 AM,06CADIZL_SS,N,N,N,3542.3909,3542.3909,3778.2001,3542.3909,3542.3909,
8/13/2024 3:05:00 AM,06CADIZL_T1L1,N,N,N,3542.3909,3542.3909,3778.2001,3542.3909,3542.3909,
8/13/2024 3:05:00 AM,06CADIZL_T1L2,N,N,N,3542.3909,3542.3909,3778.2001,3542.3909,3542.3909,
8/13/2024 3:05:00 AM,06CADIZL_T1L3,N,N,N,3542.3909,3542.3909,3778.2001,3542.3909,3542.3909,
8/13/2024 3:05:00 AM,06CADIZL_T1L4,N,N,N,3542.3909,3542.3909,3778.2001,3542.3909,3542.3909,
8/13/2024 3:05:00 AM,06CARSOL_G01,N,N,N,3551.9468,3551.9468,3741.6875,3551.9468,3551.9468,
8/13/2024 3:05:00 AM,06CAY_SS,N,N,N,3526.4645,3526.4645,3778.2001,3526.4645,3526.4645,
8/13/2024 3:05:00 AM,06CENPRI_U01,N,N,N,3551.9468,3551.9468,3741.6875,3551.9468,3551.9468,
8/13/2024 3:05:00 AM,06CENPRI_U02,N,N,N,3551.9468,3551.9468,3741.6875,3551.9468,3551.9468,
8/13/2024 3:05:00 AM,06CENPRI_U03,N,N,N,3551.9468,3551.9468,3741.6875,3551.9468,3551.9468,
8/13/2024 3:05:00 AM,06CENPRI_U04,N,N,N,3551.9468,3551.9468,3741.6875,3551.9468,3551.9468,
8/13/2024 3:05:00 AM,06CENPRI_U05,N,N,N,3551.9468,3551.9468,3741.6875,3551.9468,3551.9468,
8/13/2024 3:05:00 AM,06CLTRAVA_SS,N,N,N,3526.4645,3526.4645,3778.2001,3526.4645,3526.4645,
8/13/2024 3:05:00 AM,06FFHC_G01,N,N,N,3542.3909,3542.3909,3730.5502,3542.3909,3542.3909,
8/13/2024 3:05:00 AM,06GAHIT_SS,N,N,N,3549.4694,3549.4694,3778.2001,3549.4694,3549.4694,
8/13/2024 3:05:00 AM,06HELIOS_G01,N,N,N,3542.3909,3542.3909,3730.4293,3542.3909,3542.3909,
8/13/2024 3:05:00 AM,06HELIOS_S01,N,N,N,3542.3909,3542.3909,3778.2001,3542.3909,3542.3909,
8/13/2024 3:05:00 AM,06HPCO_G01,N,N,N,3539.2057,3539.2057,3725.7901,3539.2057,3539.2057,
8/13/2024 3:05:00 AM,06HPCO_G02,N,N,N,3539.2057,3539.2057,3725.7901,3539.2057,3539.2057,
8/13/2024 3:05:00 AM,06KABAN_BAT,N,N,N,3512.3077,3512.3077,3286.7451,3512.3077,3512.3077,
8/13/2024 3:05:00 AM,06KABAN_L01,N,N,N,3512.3077,3512.3077,3778.2001,3512.3077,3512.3077,
8/13/2024 3:05:00 AM,06KABAN_SS,N,N,N,3512.3077,3512.3077,3778.2001,3512.3077,3512.3077,
8/13/2024 3:05:00 AM,06KABAN_T1L1,N,N,N,3509.4763,3509.4763,3778.2001,3509.4763,3509.4763,
8/13/2024 3:05:00 AM,06KABAN_T2L2,N,N,N,3509.4763,3509.4763,3778.2001,3509.4763,3509.4763,
8/13/2024 3:05:00 AM,06MABIN_SS,N,N,N,3447.8942,3447.8942,3778.2001,3447.8942,3447.8942,
8/13/2024 3:05:00 AM,06MABIN_T1L1,N,N,N,3447.5402,3447.5402,3778.2001,3447.5402,3447.5402,
8/13/2024 3:05:00 AM,06MABIN_T2L2,N,N,N,3447.5402,3447.5402,3778.2001,3447.5402,3447.5402,
8/13/2024 3:05:00 AM,06MANSOL_G01,N,N,N,3542.3909,3542.3909,3730.5502,3542.3909,3542.3909,
8/13/2024 3:05:00 AM,06MNTSOL_G01,N,N,N,3394.8061,3394.8061,3599.0151,3394.8061,3394.8061,
8/13/2024 3:05:00 AM,06NASULO_G01,N,N,N,3358.7062,3358.7062,3564.6759,3358.7062,3358.7062,
8/13/2024 3:05:00 AM,06NTNEGB_G01,N,N,N,3539.2057,3539.2057,3725.7901,3539.2057,3539.2057,
8/13/2024 3:05:00 AM,06PAL1A_G01,N,N,N,3361.1836,3361.1836,3495.0967,3361.1836,3361.1836,
8/13/2024 3:05:00 AM,06PAL1A_SS,N,N,N,3362.2454,3362.2454,3778.2001,3362.2454,3362.2454,
8/13/2024 3:05:00 AM,06PAL2A_U01,N,N,N,3359.0601,3359.0601,3558.8989,3359.0601,3359.0601,
8/13/2024 3:05:00 AM,06PAL2A_U02,N,N,N,3358.7062,3358.7062,3564.4924,3358.7062,3358.7062,
8/13/2024 3:05:00 AM,06PAL2A_U03,N,N,N,3359.0601,3359.0601,3676.3043,3359.0601,3359.0601,
8/13/2024 3:05:00 AM,06PAL2A_U04,N,N,N,3539.2057,3539.2057,3695.6425,3539.2057,3539.2057,
8/13/2024 3:05:00 AM,06PGPP2_SS,N,N,N,3360.1219,3360.1219,3778.2001,3360.1219,3360.1219,
8/13/2024 3:05:00 AM,06SACASL_G01,N,N,N,3526.4645,3526.4645,3712.8082,3526.4645,3526.4645,
8/13/2024 3:05:00 AM,06SACASL_G02,N,N,N,3526.4645,3526.4645,3712.8082,3526.4645,3526.4645,
8/13/2024 3:05:00 AM,06SACSUN_G01,N,N,N,3526.4645,3526.4645,3712.8082,3526.4645,3526.4645,
8/13/2024 3:05:00 AM,06SCBE_G01,N,N,N,3542.3909,3542.3909,3730.5502,3542.3909,3542.3909,
8/13/2024 3:05:00 AM,06SCBIOP_G01,N,N,N,3539.2057,3539.2057,2890.6171,3539.2057,3539.2057,
8/13/2024 3:05:00 AM,06SLYSOL_G01,N,N,N,3551.9468,3551.9468,3741.6875,3551.9468,3551.9468,
8/13/2024 3:05:00 AM,06SNCARLOS_SS,N,N,N,3526.4645,3526.4645,3778.2001,3526.4645,3526.4645,
8/13/2024 3:05:00 AM,06STNEGB_G01,N,N,N,3539.2057,3539.2057,3725.7901,3539.2057,3539.2057,
8/13/2024 3:05:00 AM,06URC_G01,N,N,N,3447.5402,3447.5402,3647.4421,3447.5402,3447.5402,
8/13/2024 3:05:00 AM,06VMC_G01,N,N,N,3539.2057,3539.2057,3725.7901,3539.2057,3539.2057,
8/13/2024 3:05:00 AM,06VMC_G02,N,N,N,3551.9468,3551.9468,3741.6875,3551.9468,3551.9468,
8/13/2024 3:05:00 AM,07BDPP_U01,N,N,N,4394.9856,4394.9856,4560.6952,4394.9856,4394.9856,
8/13/2024 3:05:00 AM,07BDPP_U02,N,N,N,4394.9856,4394.9856,4560.6952,4394.9856,4394.9856,
8/13/2024 3:05:00 AM,07BDPP_U03,N,N,N,4394.9856,4394.9856,4560.6952,4394.9856,4394.9856,
8/13/2024 3:05:00 AM,07BDPP_U04,N,N,N,4394.9856,4394.9856,4560.6952,4394.9856,4394.9856,
8/13/2024 3:05:00 AM,07BOHOL_T1L1,N,N,N,4230.0586,4230.0586,3778.2001,4230.0586,4230.0586,
8/13/2024 3:05:00 AM,07BOHOL_T4L4,N,N,N,4230.0586,4230.0586,3778.2001,4230.0586,4230.0586,
8/13/2024 3:05:00 AM,07COREL_T1L1,N,N,N,4394.9856,4394.9856,3778.2001,4394.9856,4394.9856,
8/13/2024 3:05:00 AM,07COREL_T1L2,N,N,N,4394.9856,4394.9856,3778.2001,4394.9856,4394.9856,
8/13/2024 3:05:00 AM,07COREL_T1L3,N,N,N,4394.9856,4394.9856,3778.2001,4394.9856,4394.9856,
8/13/2024 3:05:00 AM,07JANOPO_G01,N,N,N,4394.9856,4394.9856,4560.6952,4394.9856,4394.9856,
8/13/2024 3:05:00 AM,07LOBOC_G01,N,N,N,4394.9856,4394.9856,4809.2893,4394.9856,4394.9856,
8/13/2024 3:05:00 AM,07LOBOC_G02,N,N,N,4394.9856,4394.9856,4999.0334,4394.9856,4394.9856,
8/13/2024 3:05:00 AM,07SEVILL_G01,N,N,N,4394.9856,4394.9856,5009.6923,4394.9856,4394.9856,
8/13/2024 3:05:00 AM,07TPLPB4_U01,N,N,N,4230.4125,4230.4125,4423.2522,4230.4125,4230.4125,
8/13/2024 3:05:00 AM,07TPLPB4_U02,N,N,N,4230.4125,4230.4125,4423.2522,4230.4125,4230.4125,
8/13/2024 3:05:00 AM,07TPLPB4_U03,N,N,N,4230.4125,4230.4125,4423.2522,4230.4125,4230.4125,
8/13/2024 3:05:00 AM,07TPLPB4_U04,N,N,N,4230.4125,4230.4125,4423.2522,4230.4125,4230.4125,
8/13/2024 3:05:00 AM,07UBAY_BAT,N,N,N,4230.0586,4230.0586,4422.7415,4230.0586,4230.0586,
8/13/2024 3:05:00 AM,07UBAY_T1L1,N,N,N,4230.0586,4230.0586,3778.2001,4230.0586,4230.0586,
8/13/2024 3:05:00 AM,07UBAY_T2L2,N,N,N,4230.0586,4230.0586,3778.2001,4230.0586,4230.0586,
8/13/2024 3:05:00 AM,07UBAY_T3L3,N,N,N,4230.4125,4230.4125,3778.2001,4230.4125,4230.4125,
8/13/2024 3:05:00 AM,08BANTAP_L01,N,N,N,3689.6219,3689.6219,3778.2001,3689.6219,3689.6219,
8/13/2024 3:05:00 AM,08BARO_SS,N,N,N,3552.6546,3552.6546,3778.2001,3552.6546,3552.6546,
8/13/2024 3:05:00 AM,08BARTAC_L01,N,N,N,3539.2057,3539.2057,3778.2001,3539.2057,3539.2057,
8/13/2024 3:05:00 AM,08BARTAC_SS,N,N,N,3552.6546,3552.6546,3778.2001,3552.6546,3552.6546,
8/13/2024 3:05:00 AM,08BVISTA_L01,N,N,N,3694.9307,3694.9307,3778.2001,3694.9307,3694.9307,
8/13/2024 3:05:00 AM,08BVISTA_L02,N,N,N,3694.9307,3694.9307,3778.2001,3694.9307,3694.9307,
8/13/2024 3:05:00 AM,08CASA_G01,N,N,N,3611.0515,3611.0515,3784.8026,3611.0515,3611.0515,
8/13/2024 3:05:00 AM,08CASA_G02,N,N,N,3611.0515,3611.0515,3784.8026,3611.0515,3611.0515,
8/13/2024 3:05:00 AM,08CONCP_T1L1,N,N,N,3537.4361,3537.4361,3778.2001,3537.4361,3537.4361,
8/13/2024 3:05:00 AM,08COSMO_G01,N,N,N,3633.7025,3633.7025,3795.7160,3633.7025,3633.7025,
8/13/2024 3:05:00 AM,08DINGL_SS,N,N,N,3611.0515,3611.0515,3778.2001,3611.0515,3611.0515,
8/13/2024 3:05:00 AM,08DINGL_T1L1,N,N,N,3611.0515,3611.0515,3778.2001,3611.0515,3611.0515,
8/13/2024 3:05:00 AM,08DINGL_T1L2,N,N,N,3611.0515,3611.0515,3778.2001,3611.0515,3611.0515,
8/13/2024 3:05:00 AM,08DINGL_T1L3,N,N,N,3611.0515,3611.0515,3778.2001,3611.0515,3611.0515,
8/13/2024 3:05:00 AM,08DINGL_T1L4,N,N,N,3611.0515,3611.0515,3778.2001,3611.0515,3611.0515,
8/13/2024 3:05:00 AM,08DINGL_T2L1,N,N,N,3611.0515,3611.0515,3778.2001,3611.0515,3611.0515,
8/13/2024 3:05:00 AM,08DINGL_T2L2,N,N,N,3611.0515,3611.0515,3778.2001,3611.0515,3611.0515,
8/13/2024 3:05:00 AM,08GLOBAL_G01,N,N,N,3702.0091,3702.0091,3852.5041,3702.0091,3702.0091,
8/13/2024 3:05:00 AM,08NABASDPP_U01,N,N,N,3702.0091,3702.0091,3852.5041,3702.0091,3702.0091,
8/13/2024 3:05:00 AM,08NABASDPP_U02,N,N,N,3702.0091,3702.0091,3852.5041,3702.0091,3702.0091,
8/13/2024 3:05:00 AM,08NABAS_L01,N,N,N,3702.0091,3702.0091,3778.2001,3702.0091,3702.0091,
8/13/2024 3:05:00 AM,08NABAS_L02,N,N,N,3702.0091,3702.0091,3778.2001,3702.0091,3702.0091,
8/13/2024 3:05:00 AM,08NABAS_L03,N,N,N,3702.0091,3702.0091,3778.2001,3702.0091,3702.0091,
8/13/2024 3:05:00 AM,08NABAS_SS,N,N,N,3702.0091,3702.0091,3778.2001,3702.0091,3702.0091,
8/13/2024 3:05:00 AM,08PALM_G01,N,N,N,3537.0821,3537.0821,3848.8237,3537.0821,3537.0821,
8/13/2024 3:05:00 AM,08PALM_S01,N,N,N,3537.0821,3537.0821,3778.2001,3537.0821,3537.0821,
8/13/2024 3:05:00 AM,08PANIT_SS,N,N,N,3659.5387,3659.5387,3778.2001,3659.5387,3659.5387,
8/13/2024 3:05:00 AM,08PANIT_T1L1,N,N,N,3658.8308,3658.8308,3778.2001,3658.8308,3658.8308,
8/13/2024 3:05:00 AM,08PANIT_T2L2,N,N,N,3658.8308,3658.8308,3778.2001,3658.8308,3658.8308,
8/13/2024 3:05:00 AM,08PDPP1_U02,N,N,N,3611.0515,3611.0515,3784.9732,3611.0515,3611.0515,
8/13/2024 3:05:00 AM,08PDPP1_U03,N,N,N,3611.0515,3611.0515,3784.9732,3611.0515,3611.0515,
8/13/2024 3:05:00 AM,08PDPP1_U05,N,N,N,3611.0515,3611.0515,3784.9732,3611.0515,3611.0515,
8/13/2024 3:05:00 AM,08PDPP3_C,N,N,N,3611.0515,3611.0515,3784.9732,3611.0515,3611.0515,
8/13/2024 3:05:00 AM,08PDPP3_E,N,N,N,3611.0515,3611.0515,3784.9732,3611.0515,3611.0515,
8/13/2024 3:05:00 AM,08PDPP3_G,N,N,N,3611.0515,3611.0515,3784.9732,3611.0515,3611.0515,
8/13/2024 3:05:00 AM,08PDPP3_H,N,N,N,3611.0515,3611.0515,3784.9732,3611.0515,3611.0515,
8/13/2024 3:05:00 AM,08PDPP3_S01,N,N,N,3611.0515,3611.0515,3778.2001,3611.0515,3611.0515,
8/13/2024 3:05:00 AM,08PEDC_SS1,N,N,N,3598.3104,3598.3104,3778.2001,3598.3104,3598.3104,
8/13/2024 3:05:00 AM,08PEDC_SS2,N,N,N,3598.3104,3598.3104,3778.2001,3598.3104,3598.3104,
8/13/2024 3:05:00 AM,08PEDC_SS3,N,N,N,3598.3104,3598.3104,3778.2001,3598.3104,3598.3104,
8/13/2024 3:05:00 AM,08PEDC_T1L1,N,N,N,3598.6643,3598.6643,3778.2001,3598.6643,3598.6643,
8/13/2024 3:05:00 AM,08PEDC_T1L2,N,N,N,3598.6643,3598.6643,3778.2001,3598.6643,3598.6643,
8/13/2024 3:05:00 AM,08PEDC_U01,N,N,N,3598.3104,3598.3104,3892.0270,3598.3104,3598.3104,
8/13/2024 3:05:00 AM,08PEDC_U02,N,N,N,3598.3104,3598.3104,3850,3598.3104,3598.3104,
8/13/2024 3:05:00 AM,08PEDC_U03,N,N,N,3598.3104,3598.3104,3607.8346,3598.3104,3598.3104,
8/13/2024 3:05:00 AM,08PWIND_G01,N,N,N,3702.0091,3702.0091,3489.4249,3702.0091,3702.0091,
8/13/2024 3:05:00 AM,08PWIND_G02,N,N,N,3702.0091,3702.0091,3444.0908,3702.0091,3702.0091,
8/13/2024 3:05:00 AM,08SLWIND_G01,N,N,N,3694.9307,3694.9307,3933.1246,3694.9307,3694.9307,
8/13/2024 3:05:00 AM,08SLWIND_L01,N,N,N,3694.9307,3694.9307,3778.2001,3694.9307,3694.9307,
8/13/2024 3:05:00 AM,08SNJOSE_L01,N,N,N,3633.7025,3633.7025,3778.2001,3633.7025,3633.7025,
8/13/2024 3:05:00 AM,08SNJOSE_L02,N,N,N,3633.7025,3633.7025,3778.2001,3633.7025,3633.7025,
8/13/2024 3:05:00 AM,08SNJOSE_L03,N,N,N,3633.7025,3633.7025,3778.2001,3633.7025,3633.7025,
8/13/2024 3:05:00 AM,08STBAR_SS1,N,N,N,3617.4221,3617.4221,3778.2001,3617.4221,3617.4221,
8/13/2024 3:05:00 AM,08STBAR_SS2,N,N,N,3617.4221,3617.4221,3778.2001,3617.4221,3617.4221,
8/13/2024 3:05:00 AM,08STBAR_SS3,N,N,N,3617.0682,3617.0682,3778.2001,3617.0682,3617.0682,
8/13/2024 3:05:00 AM,08STBAR_T1L1,N,N,N,3617.4221,3617.4221,3778.2001,3617.4221,3617.4221,
8/13/2024 3:05:00 AM,08STBAR_T2L2,N,N,N,3617.0682,3617.0682,3778.2001,3617.0682,3617.0682,
8/13/2024 3:05:00 AM,08STBPB1_U01,N,N,N,3617.4221,3617.4221,3785.7329,3617.4221,3617.4221,
8/13/2024 3:05:00 AM,08STBPB1_U02,N,N,N,3617.4221,3617.4221,3785.7329,3617.4221,3617.4221,
8/13/2024 3:05:00 AM,08STBPB1_U03,N,N,N,3617.4221,3617.4221,3785.7329,3617.4221,3617.4221,
8/13/2024 3:05:00 AM,08STBPB1_U04,N,N,N,3617.4221,3617.4221,3785.7329,3617.4221,3617.4221,
8/13/2024 3:05:00 AM,08SUWECO_G01,N,N,N,3617.0682,3617.0682,3713.6889,3617.0682,3617.0682,
8/13/2024 3:05:00 AM,08TIMBA_G01,N,N,N,3702.0091,3702.0091,3743.9482,3702.0091,3702.0091,
8/13/2024 3:05:00 AM,09AURORA_SS,N,N,N,2866.5461,2866.5461,4250.8022,2866.5461,2866.5461,
8/13/2024 3:05:00 AM,09CLB_T1L1,N,N,N,2866.8184,2866.8184,4250.8022,2866.8184,2866.8184,
8/13/2024 3:05:00 AM,09JIMDSL_U01,N,N,N,2866.8184,2866.8184,3141.6721,2866.8184,2866.8184,
8/13/2024 3:05:00 AM,09JIMDSL_U02,N,N,N,2866.8184,2866.8184,3141.6721,2866.8184,2866.8184,
8/13/2024 3:05:00 AM,09KAP_T1L1,N,N,N,2866.8184,2866.8184,4250.8022,2866.8184,2866.8184,
8/13/2024 3:05:00 AM,09LALA_SS,N,N,N,2806.3611,2806.3611,4250.8022,2806.3611,2806.3611,
8/13/2024 3:05:00 AM,09LIBPOWR_G01,N,N,N,2866.8184,2866.8184,3087.0224,2866.8184,2866.8184,
8/13/2024 3:05:00 AM,09MHY_T1L1,N,N,N,2866.8184,2866.8184,4250.8022,2866.8184,2866.8184,
8/13/2024 3:05:00 AM,09MLS_T1L1,N,N,N,3080.0528,3080.0528,4250.8022,3080.0528,3080.0528,
8/13/2024 3:05:00 AM,09NAGA_SS,N,N,N,3079.7805,3079.7805,4250.8022,3079.7805,3079.7805,
8/13/2024 3:05:00 AM,09PANABNK_U01,N,N,N,2866.8184,2866.8184,3141.6721,2866.8184,2866.8184,
8/13/2024 3:05:00 AM,09PANABNK_U02,N,N,N,2866.8184,2866.8184,3141.6721,2866.8184,2866.8184,
8/13/2024 3:05:00 AM,09PITOGO_SS,N,N,N,3239.6382,3239.6382,4250.8022,3239.6382,3239.6382,
8/13/2024 3:05:00 AM,09POLAN_SS,N,N,N,2902.4936,2902.4936,4250.8022,2902.4936,2902.4936,
8/13/2024 3:05:00 AM,09RXS_T2L1,N,N,N,2902.2213,2902.2213,4250.8022,2902.2213,2902.2213,
8/13/2024 3:05:00 AM,09SANGALI_BAT,N,N,N,3218.1242,3218.1242,3537.8574,3218.1242,3218.1242,
8/13/2024 3:05:00 AM,09SJG_T1L1,N,N,N,3238.8213,3238.8213,4250.8022,3238.8213,3238.8213,
8/13/2024 3:05:00 AM,09SML_T1L1,N,N,N,2866.8184,2866.8184,4250.8022,2866.8184,2866.8184,
8/13/2024 3:05:00 AM,09SRW_T1L1,N,N,N,3080.0528,3080.0528,4250.8022,3080.0528,3080.0528,
8/13/2024 3:05:00 AM,09TMG_T1L1,N,N,N,3238.8213,3238.8213,4250.8022,3238.8213,3238.8213,
8/13/2024 3:05:00 AM,09TMG_T2L1,N,N,N,3218.1242,3218.1242,4250.8022,3218.1242,3218.1242,
8/13/2024 3:05:00 AM,09TUL_T1L1,N,N,N,3238.8213,3238.8213,4250.8022,3238.8213,3238.8213,
8/13/2024 3:05:00 AM,09WMPC_S01,N,N,N,3218.1242,3218.1242,4250.8022,3218.1242,3218.1242,
8/13/2024 3:05:00 AM,09WMPC_U01,N,N,N,3218.1242,3218.1242,3537.8574,3218.1242,3218.1242,
8/13/2024 3:05:00 AM,09WMPC_U02,N,N,N,3218.1242,3218.1242,3537.8574,3218.1242,3218.1242,
8/13/2024 3:05:00 AM,09WMPC_U03,N,N,N,3218.1242,3218.1242,3537.8574,3218.1242,3218.1242,
8/13/2024 3:05:00 AM,09WMPC_U04,N,N,N,3218.1242,3218.1242,3537.8574,3218.1242,3218.1242,
8/13/2024 3:05:00 AM,09WMPC_U05,N,N,N,3218.1242,3218.1242,3537.8574,3218.1242,3218.1242,
8/13/2024 3:05:00 AM,09WMPC_U06,N,N,N,3218.1242,3218.1242,3537.8574,3218.1242,3218.1242,
8/13/2024 3:05:00 AM,09WMPC_U07,N,N,N,3218.1242,3218.1242,3537.8574,3218.1242,3218.1242,
8/13/2024 3:05:00 AM,09WMPC_U08,N,N,N,3218.1242,3218.1242,3537.8574,3218.1242,3218.1242,
8/13/2024 3:05:00 AM,09WMPC_U09,N,N,N,3218.1242,3218.1242,3537.8574,3218.1242,3218.1242,
8/13/2024 3:05:00 AM,09WMPC_U10,N,N,N,3218.1242,3218.1242,3537.8574,3218.1242,3218.1242,
8/13/2024 3:05:00 AM,09ZAMBO_SS,N,N,N,3218.1242,3218.1242,4250.8022,3218.1242,3218.1242,
8/13/2024 3:05:00 AM,09ZAMSAN_L01,N,N,N,3218.1242,3218.1242,4250.8022,3218.1242,3218.1242,
8/13/2024 3:05:00 AM,10AG6_T2L1,N,N,N,2732.5597,2732.5597,4250.8022,2732.5597,2732.5597,
8/13/2024 3:05:00 AM,10AGUS1_SS,N,N,N,2706.1437,2706.1437,4250.8022,2706.1437,2706.1437,
8/13/2024 3:05:00 AM,10AGUS1_U01,N,N,N,2705.8714,2705.8714,2960.2063,2705.8714,2705.8714,
8/13/2024 3:05:00 AM,10AGUS1_U02,N,N,N,2705.8714,2705.8714,2973.8040,2705.8714,2705.8714,
8/13/2024 3:05:00 AM,10AGUS2_SS,N,N,N,2710.5010,2710.5010,4250.8022,2710.5010,2710.5010,
8/13/2024 3:05:00 AM,10AGUS2_U01,N,N,N,2710.2286,2710.2286,2985.6655,2710.2286,2710.2286,
8/13/2024 3:05:00 AM,10AGUS2_U02,N,N,N,2710.2286,2710.2286,2923.3758,2710.2286,2710.2286,
8/13/2024 3:05:00 AM,10AGUS2_U03,N,N,N,2723.3005,2723.3005,2995.7708,2723.3005,2723.3005,
8/13/2024 3:05:00 AM,10AGUS4_SS,N,N,N,2730.6534,2730.6534,4250.8022,2730.6534,2730.6534,
8/13/2024 3:05:00 AM,10AGUS4_U01,N,N,N,2730.6534,2730.6534,2944.9942,2730.6534,2730.6534,
8/13/2024 3:05:00 AM,10AGUS4_U02,N,N,N,2730.6534,2730.6534,2953.7603,2730.6534,2730.6534,
8/13/2024 3:05:00 AM,10AGUS4_U03,N,N,N,2730.6534,2730.6534,2948.6676,2730.6534,2730.6534,
8/13/2024 3:05:00 AM,10AGUS5_SS,N,N,N,2733.3767,2733.3767,4250.8022,2733.3767,2733.3767,
8/13/2024 3:05:00 AM,10AGUS5_U01,N,N,N,2733.3767,2733.3767,2997.1061,2733.3767,2733.3767,
8/13/2024 3:05:00 AM,10AGUS5_U02,N,N,N,2733.3767,2733.3767,2997.7232,2733.3767,2733.3767,
8/13/2024 3:05:00 AM,10AGUS6_SS,N,N,N,2726.5684,2726.5684,4250.8022,2726.5684,2726.5684,
8/13/2024 3:05:00 AM,10AGUS6_U01,N,N,N,2726.5684,2726.5684,2993.7595,2726.5684,2726.5684,
8/13/2024 3:05:00 AM,10AGUS6_U02,N,N,N,2726.5684,2726.5684,2993.4698,2726.5684,2726.5684,
8/13/2024 3:05:00 AM,10AGUS6_U03,N,N,N,2726.5684,2726.5684,2994.9631,2726.5684,2726.5684,
8/13/2024 3:05:00 AM,10AGUS6_U04,N,N,N,2726.5684,2726.5684,2994.0096,2726.5684,2726.5684,
8/13/2024 3:05:00 AM,10AGUS6_U05,N,N,N,2726.5684,2726.5684,3001.8002,2726.5684,2726.5684,
8/13/2024 3:05:00 AM,10AGUS7_U01,N,N,N,2726.5684,2726.5684,2982.7704,2726.5684,2726.5684,
8/13/2024 3:05:00 AM,10AGUS7_U02,N,N,N,2726.5684,2726.5684,3000.1358,2726.5684,2726.5684,
8/13/2024 3:05:00 AM,10BALOI_L01,N,N,N,2726.5684,2726.5684,4250.8022,2726.5684,2726.5684,
8/13/2024 3:05:00 AM,10BALOI_SS,N,N,N,2744.5422,2744.5422,4250.8022,2744.5422,2744.5422,
8/13/2024 3:05:00 AM,10BUR_T1L1,N,N,N,2726.5684,2726.5684,4250.8022,2726.5684,2726.5684,
8/13/2024 3:05:00 AM,10BUR_T1L2,N,N,N,2726.5684,2726.5684,4250.8022,2726.5684,2726.5684,
8/13/2024 3:05:00 AM,10GNPK_U01,N,N,N,2752.7121,2752.7121,3038.2121,2752.7121,2752.7121,
8/13/2024 3:05:00 AM,10GNPK_U02,N,N,N,2752.7121,2752.7121,3039.0893,2752.7121,2752.7121,
8/13/2024 3:05:00 AM,10GNPK_U03,N,N,N,2752.7121,2752.7121,3037.0529,2752.7121,2752.7121,
8/13/2024 3:05:00 AM,10GNPK_U04,N,N,N,2752.7121,2752.7121,3020.7338,2752.7121,2752.7121,
8/13/2024 3:05:00 AM,10IDPP_G01,N,N,N,2743.9976,2743.9976,3008.9657,2743.9976,2743.9976,
8/13/2024 3:05:00 AM,10IDPP_SS,N,N,N,2743.9976,2743.9976,4250.8022,2743.9976,2743.9976,
8/13/2024 3:05:00 AM,10KAUSWGN_SS,N,N,N,2752.9845,2752.9845,4250.8022,2752.9845,2752.9845,
8/13/2024 3:05:00 AM,10KAU_T1L1,N,N,N,2726.5684,2726.5684,4250.8022,2726.5684,2726.5684,
8/13/2024 3:05:00 AM,10KIW_T1L1,N,N,N,2726.5684,2726.5684,4250.8022,2726.5684,2726.5684,
8/13/2024 3:05:00 AM,10KIW_T2L1,N,N,N,2744.5422,2744.5422,4250.8022,2744.5422,2744.5422,
8/13/2024 3:05:00 AM,10LGAIT_SS,N,N,N,2744.5422,2744.5422,4250.8022,2744.5422,2744.5422,
8/13/2024 3:05:00 AM,10LIAN_G01,N,N,N,2726.5684,2726.5684,2993.5640,2726.5684,2726.5684,
8/13/2024 3:05:00 AM,10MCN_T1L1,N,N,N,2732.5597,2732.5597,4250.8022,2732.5597,2732.5597,
8/13/2024 3:05:00 AM,10MCR_T1L1,N,N,N,2732.5597,2732.5597,4250.8022,2732.5597,2732.5597,
8/13/2024 3:05:00 AM,10MCT_T1L1,N,N,N,2726.5684,2726.5684,4250.8022,2726.5684,2726.5684,
8/13/2024 3:05:00 AM,10MEGC_G01,N,N,N,2726.5684,2726.5684,2993.5640,2726.5684,2726.5684,
8/13/2024 3:05:00 AM,10MLN_T1L1,N,N,N,2706.4160,2706.4160,4250.8022,2706.4160,2706.4160,
8/13/2024 3:05:00 AM,10MPL_T1L1,N,N,N,2726.5684,2726.5684,4250.8022,2726.5684,2726.5684,
8/13/2024 3:05:00 AM,10MRW_T1L1,N,N,N,2706.4160,2706.4160,4250.8022,2706.4160,2706.4160,
8/13/2024 3:05:00 AM,10MRW_T2L1,N,N,N,2732.5597,2732.5597,4250.8022,2732.5597,2732.5597,
8/13/2024 3:05:00 AM,10NUN_T1L2,N,N,N,2726.5684,2726.5684,4250.8022,2726.5684,2726.5684,
8/13/2024 3:05:00 AM,10OPO_T1L1,N,N,N,2744.5422,2744.5422,4250.8022,2744.5422,2744.5422,
8/13/2024 3:05:00 AM,10PAT_T1L1,N,N,N,2744.5422,2744.5422,4250.8022,2744.5422,2744.5422,
8/13/2024 3:05:00 AM,10PGW_T1L1,N,N,N,2744.5422,2744.5422,4250.8022,2744.5422,2744.5422,
8/13/2024 3:05:00 AM,10PLT_T1L1,N,N,N,2743.9976,2743.9976,4250.8022,2743.9976,2743.9976,
8/13/2024 3:05:00 AM,10PLT_T2L1,N,N,N,2744.5422,2744.5422,4250.8022,2744.5422,2744.5422,
8/13/2024 3:05:00 AM,10PPEI_U01,N,N,N,2726.5684,2726.5684,2941.9450,2726.5684,2726.5684,
8/13/2024 3:05:00 AM,10SRZ_T1L1,N,N,N,2732.5597,2732.5597,4250.8022,2732.5597,2732.5597,
8/13/2024 3:05:00 AM,11CDO_T1L1,N,N,N,2752.4398,2752.4398,4250.8022,2752.4398,2752.4398,
8/13/2024 3:05:00 AM,11CRYSSUG_G01,N,N,N,2753.8014,2753.8014,3029.1029,2753.8014,2753.8014,
8/13/2024 3:05:00 AM,11FDC_SS,N,N,N,2709.1393,2709.1393,4250.8022,2709.1393,2709.1393,
8/13/2024 3:05:00 AM,11FDC_U01,N,N,N,2708.8670,2708.8670,2975.5754,2708.8670,2708.8670,
8/13/2024 3:05:00 AM,11FDC_U02,N,N,N,2708.8670,2708.8670,2975.3613,2708.8670,2708.8670,
8/13/2024 3:05:00 AM,11FDC_U03,N,N,N,2708.8670,2708.8670,3040.3677,2708.8670,2708.8670,
8/13/2024 3:05:00 AM,11FGBPC_G01,N,N,N,2727.9301,2727.9301,3005.8973,2727.9301,2727.9301,
8/13/2024 3:05:00 AM,11JASAAN_SS,N,N,N,2736.6446,2736.6446,4250.8022,2736.6446,2736.6446,
8/13/2024 3:05:00 AM,11JASA_BAT,N,N,N,2727.9301,2727.9301,3156.3534,2727.9301,2727.9301,
8/13/2024 3:05:00 AM,11KBSOL_G01,N,N,N,2773.4092,2773.4092,3044.4123,2773.4092,2773.4092,
8/13/2024 3:05:00 AM,11KEGMAR_G01,N,N,N,2753.8014,2753.8014,3023.4464,2753.8014,2753.8014,
8/13/2024 3:05:00 AM,11KIBAWE_SS,N,N,N,2773.1369,2773.1369,4250.8022,2773.1369,2773.1369,
8/13/2024 3:05:00 AM,11KIB_T1L1,N,N,N,2753.8014,2753.8014,4250.8022,2753.8014,2753.8014,
8/13/2024 3:05:00 AM,11KIB_T1L2,N,N,N,2753.8014,2753.8014,4250.8022,2753.8014,2753.8014,
8/13/2024 3:05:00 AM,11KIRAS_G01,N,N,N,2728.2024,2728.2024,3006.0302,2728.2024,2728.2024,
8/13/2024 3:05:00 AM,11KNG_T1L1,N,N,N,2727.9301,2727.9301,4250.8022,2727.9301,2727.9301,
8/13/2024 3:05:00 AM,11LBA_T1L1,N,N,N,2736.6446,2736.6446,4250.8022,2736.6446,2736.6446,
8/13/2024 3:05:00 AM,11LUN_T1L1,N,N,N,2728.2024,2728.2024,4250.8022,2728.2024,2728.2024,
8/13/2024 3:05:00 AM,11MAN1_S01,N,N,N,2715.1306,2715.1306,4250.8022,2715.1306,2715.1306,
8/13/2024 3:05:00 AM,11MAN2_S01,N,N,N,2715.1306,2715.1306,4250.8022,2715.1306,2715.1306,
8/13/2024 3:05:00 AM,11MANFOR_G01,N,N,N,2715.1306,2715.1306,2991.2485,2715.1306,2715.1306,
8/13/2024 3:05:00 AM,11MANFOR_G02,N,N,N,2715.1306,2715.1306,2990.3144,2715.1306,2715.1306,
8/13/2024 3:05:00 AM,11MANOLO_SS,N,N,N,2715.4029,2715.4029,4250.8022,2715.4029,2715.4029,
8/13/2024 3:05:00 AM,11MARAM_SS,N,N,N,2772.3199,2772.3199,4250.8022,2772.3199,2772.3199,
8/13/2024 3:05:00 AM,11MINBAL_G01,N,N,N,2728.2024,2728.2024,3005.6757,2728.2024,2728.2024,
8/13/2024 3:05:00 AM,11MINBU_G01,N,N,N,2728.2024,2728.2024,3033.7043,2728.2024,2728.2024,
8/13/2024 3:05:00 AM,11MLY_T1L1,N,N,N,2753.8014,2753.8014,4250.8022,2753.8014,2753.8014,
8/13/2024 3:05:00 AM,11MNCBLG_G01,N,N,N,2727.9301,2727.9301,3005.6858,2727.9301,2727.9301,
8/13/2024 3:05:00 AM,11MNRGY_G01,N,N,N,2728.2024,2728.2024,3006.0302,2728.2024,2728.2024,
8/13/2024 3:05:00 AM,11MNRGY_G02,N,N,N,2728.2024,2728.2024,3006.0302,2728.2024,2728.2024,
8/13/2024 3:05:00 AM,11MOR_T1L1,N,N,N,2752.4398,2752.4398,4250.8022,2752.4398,2752.4398,
8/13/2024 3:05:00 AM,11NAT_T1L1,N,N,N,2728.2024,2728.2024,4250.8022,2728.2024,2728.2024,
8/13/2024 3:05:00 AM,11NAT_T2L1,N,N,N,2727.9301,2727.9301,4250.8022,2727.9301,2727.9301,
8/13/2024 3:05:00 AM,11NBPC_G01,N,N,N,2753.8014,2753.8014,3023.4464,2753.8014,2753.8014,
8/13/2024 3:05:00 AM,11OPOL_SS,N,N,N,2752.4398,2752.4398,4250.8022,2752.4398,2752.4398,
8/13/2024 3:05:00 AM,11OPO_T1L1,N,N,N,2752.4398,2752.4398,4250.8022,2752.4398,2752.4398,
8/13/2024 3:05:00 AM,11PACERM_G01,N,N,N,2752.4398,2752.4398,3032.2178,2752.4398,2752.4398,
8/13/2024 3:05:00 AM,11PAL_T1L1,N,N,N,2773.4092,2773.4092,4250.8022,2773.4092,2773.4092,
8/13/2024 3:05:00 AM,11PG4_T1L1,N,N,N,2753.8014,2753.8014,4250.8022,2753.8014,2753.8014,
8/13/2024 3:05:00 AM,11PKBUK_G01,N,N,N,2728.2024,2728.2024,3006.0302,2728.2024,2728.2024,
8/13/2024 3:05:00 AM,11PULA4_U01,N,N,N,2753.8014,2753.8014,3036.7933,2753.8014,2753.8014,
8/13/2024 3:05:00 AM,11PULA4_U02,N,N,N,2753.8014,2753.8014,2989.8858,2753.8014,2753.8014,
8/13/2024 3:05:00 AM,11PULA4_U03,N,N,N,2723.3005,2723.3005,3061.3232,2723.3005,2723.3005,
8/13/2024 3:05:00 AM,11SME_T1L1,N,N,N,2723.3005,2723.3005,4250.8022,2723.3005,2723.3005,
8/13/2024 3:05:00 AM,11SMH_T1L1,N,N,N,2723.3005,2723.3005,4250.8022,2723.3005,2723.3005,
8/13/2024 3:05:00 AM,11STEAG_U01,N,N,N,2723.0281,2723.0281,2946.1502,2723.0281,2723.0281,
8/13/2024 3:05:00 AM,11STEAG_U02,N,N,N,2723.0281,2723.0281,3000,2723.0281,2723.0281,
8/13/2024 3:05:00 AM,11TAGOL_SS,N,N,N,2723.3005,2723.3005,4250.8022,2723.3005,2723.3005,
8/13/2024 3:05:00 AM,11VILLA_BAT,N,N,N,2724.1175,2724.1175,3000.9084,2724.1175,2724.1175,
8/13/2024 3:05:00 AM,11VILLA_L01,N,N,N,2724.1175,2724.1175,4250.8022,2724.1175,2724.1175,
8/13/2024 3:05:00 AM,11VILLA_SS,N,N,N,2733.9213,2733.9213,4250.8022,2733.9213,2733.9213,
8/13/2024 3:05:00 AM,12ALE_T1L1,N,N,N,2985.0097,2985.0097,4250.8022,2985.0097,2985.0097,
8/13/2024 3:05:00 AM,12ASIGA_G01,N,N,N,2914.7485,2914.7485,3192.7362,2914.7485,2914.7485,
8/13/2024 3:05:00 AM,12BAG_T1L1,N,N,N,2970.5762,2970.5762,4250.8022,2970.5762,2970.5762,
8/13/2024 3:05:00 AM,12BISLIG_SS,N,N,N,2970.5762,2970.5762,4250.8022,2970.5762,2970.5762,
8/13/2024 3:05:00 AM,12BUTUAN_SS,N,N,N,2914.7485,2914.7485,4250.8022,2914.7485,2914.7485,
8/13/2024 3:05:00 AM,12BUT_T2L1,N,N,N,2887.7878,2887.7878,4250.8022,2887.7878,2887.7878,
8/13/2024 3:05:00 AM,12BYG_T1L1,N,N,N,2914.7485,2914.7485,4250.8022,2914.7485,2914.7485,
8/13/2024 3:05:00 AM,12KEGGIN_G01,N,N,N,2887.7878,2887.7878,3171.3361,2887.7878,2887.7878,
8/13/2024 3:05:00 AM,12KEGTAN_G01,N,N,N,2985.0097,2985.0097,3274.4131,2985.0097,2985.0097,
8/13/2024 3:05:00 AM,12LKMAINIT_G01,N,N,N,2914.7485,2914.7485,3181.1962,2914.7485,2914.7485,
8/13/2024 3:05:00 AM,12LMO_T1L1,N,N,N,2914.7485,2914.7485,4250.8022,2914.7485,2914.7485,
8/13/2024 3:05:00 AM,12MAD_T1L1,N,N,N,2963.2232,2963.2232,4250.8022,2963.2232,2963.2232,
8/13/2024 3:05:00 AM,12NACSUR_G01,N,N,N,2963.2232,2963.2232,3250.9896,2963.2232,2963.2232,
8/13/2024 3:05:00 AM,12NASIP_SS,N,N,N,2887.7878,2887.7878,4250.8022,2887.7878,2887.7878,
8/13/2024 3:05:00 AM,12NAS_T1L1,N,N,N,2914.7485,2914.7485,4250.8022,2914.7485,2914.7485,
8/13/2024 3:05:00 AM,12PBA_T1L1,N,N,N,2970.5762,2970.5762,4250.8022,2970.5762,2970.5762,
8/13/2024 3:05:00 AM,12PKSFRA_U01,N,N,N,2985.0097,2985.0097,3274.4131,2985.0097,2985.0097,
8/13/2024 3:05:00 AM,12PKSFRA_U02,N,N,N,2985.0097,2985.0097,3274.4131,2985.0097,2985.0097,
8/13/2024 3:05:00 AM,12PLACER_SS,N,N,N,2963.4956,2963.4956,4250.8022,2963.4956,2963.4956,
8/13/2024 3:05:00 AM,12SFRAN_SS,N,N,N,2985.0097,2985.0097,4250.8022,2985.0097,2985.0097,
8/13/2024 3:05:00 AM,12SLU_T1L1,N,N,N,2887.7878,2887.7878,4250.8022,2887.7878,2887.7878,
8/13/2024 3:05:00 AM,12SNT_T1L1,N,N,N,2914.7485,2914.7485,4250.8022,2914.7485,2914.7485,
8/13/2024 3:05:00 AM,12STCRUZ_L01,N,N,N,2963.2232,2963.2232,4250.8022,2963.2232,2963.2232,
8/13/2024 3:05:00 AM,12SUR_T1L1,N,N,N,2963.2232,2963.2232,4250.8022,2963.2232,2963.2232,
8/13/2024 3:05:00 AM,12TBD_T1L1,N,N,N,2723.3005,2723.3005,4250.8022,2723.3005,2723.3005,
8/13/2024 3:05:00 AM,12TBO_T1L1,N,N,N,2970.5762,2970.5762,4250.8022,2970.5762,2970.5762,
8/13/2024 3:05:00 AM,12TDG_T1L1,N,N,N,2985.0097,2985.0097,4250.8022,2985.0097,2985.0097,
8/13/2024 3:05:00 AM,12THERMA2_SS,N,N,N,2887.7878,2887.7878,4250.8022,2887.7878,2887.7878,
8/13/2024 3:05:00 AM,12TM2_U01,N,N,N,2887.7878,2887.7878,3171.1148,2887.7878,2887.7878,
8/13/2024 3:05:00 AM,12TM2_U02,N,N,N,2887.7878,2887.7878,3171.1148,2887.7878,2887.7878,
8/13/2024 3:05:00 AM,12TRE_T1L1,N,N,N,2970.5762,2970.5762,4250.8022,2970.5762,2970.5762,
8/13/2024 3:05:00 AM,13ASU_T1L1,N,N,N,2903.8553,2903.8553,4250.8022,2903.8553,2903.8553,
8/13/2024 3:05:00 AM,13BAJ_T1L1,N,N,N,2805.2718,2805.2718,4250.8022,2805.2718,2805.2718,
8/13/2024 3:05:00 AM,13BNS_T1L1,N,N,N,2796.2849,2796.2849,4250.8022,2796.2849,2796.2849,
8/13/2024 3:05:00 AM,13BNY_T1L1,N,N,N,2887.2432,2887.2432,4250.8022,2887.2432,2887.2432,
8/13/2024 3:05:00 AM,13BUNAW_SS,N,N,N,2785.9364,2785.9364,4250.8022,2785.9364,2785.9364,
8/13/2024 3:05:00 AM,13CULAMAN_SS,N,N,N,2681.3617,2681.3617,4250.8022,2681.3617,2681.3617,
8/13/2024 3:05:00 AM,13DAVAO_SS,N,N,N,2805.2718,2805.2718,4250.8022,2805.2718,2805.2718,
8/13/2024 3:05:00 AM,13DAV_T1L1,N,N,N,2777.7665,2777.7665,4250.8022,2777.7665,2777.7665,
8/13/2024 3:05:00 AM,13DCPP_U01,N,N,N,2777.7665,2777.7665,3060.7543,2777.7665,2777.7665,
8/13/2024 3:05:00 AM,13DCPP_U02,N,N,N,2777.7665,2777.7665,3049.5351,2777.7665,2777.7665,
8/13/2024 3:05:00 AM,13DIGSOL_G01,N,N,N,2796.2849,2796.2849,3061.1649,2796.2849,2796.2849,
8/13/2024 3:05:00 AM,13DIG_T1L1,N,N,N,2805.2718,2805.2718,4250.8022,2805.2718,2805.2718,
8/13/2024 3:05:00 AM,13DIG_T2L1,N,N,N,2796.2849,2796.2849,4250.8022,2796.2849,2796.2849,
8/13/2024 3:05:00 AM,13DIG_T3L1,N,N,N,2777.7665,2777.7665,4250.8022,2777.7665,2777.7665,
8/13/2024 3:05:00 AM,13DLP_T1L1,N,N,N,2805.2718,2805.2718,4250.8022,2805.2718,2805.2718,
8/13/2024 3:05:00 AM,13DLP_T1L2,N,N,N,2805.2718,2805.2718,4250.8022,2805.2718,2805.2718,
8/13/2024 3:05:00 AM,13DLP_T1L3,N,N,N,2805.2718,2805.2718,4250.8022,2805.2718,2805.2718,
8/13/2024 3:05:00 AM,13DLP_T2L1,N,N,N,2799.2806,2799.2806,4250.8022,2799.2806,2799.2806,
8/13/2024 3:05:00 AM,13DRA_T1L1,N,N,N,2799.0082,2799.0082,4250.8022,2799.0082,2799.0082,
8/13/2024 3:05:00 AM,13DRA_T1L2,N,N,N,2799.0082,2799.0082,4250.8022,2799.0082,2799.0082,
8/13/2024 3:05:00 AM,13DSP_T1L1,N,N,N,2796.2849,2796.2849,4250.8022,2796.2849,2796.2849,
8/13/2024 3:05:00 AM,13DSR_T1L1,N,N,N,2681.6340,2681.6340,4250.8022,2681.6340,2681.6340,
8/13/2024 3:05:00 AM,13EUROH_G01,N,N,N,2903.8553,2903.8553,3182.7276,2903.8553,2903.8553,
8/13/2024 3:05:00 AM,13MACO_BAT,N,N,N,2887.2432,2887.2432,3227.2795,2887.2432,2887.2432,
8/13/2024 3:05:00 AM,13MACO_SS,N,N,N,2887.2432,2887.2432,4250.8022,2887.2432,2887.2432,
8/13/2024 3:05:00 AM,13MAGDBNK_G01,N,N,N,2887.2432,2887.2432,3164.0293,2887.2432,2887.2432,
8/13/2024 3:05:00 AM,13MAGDBNK_U01,N,N,N,2887.2432,2887.2432,3164.0293,2887.2432,2887.2432,
8/13/2024 3:05:00 AM,13MAGDBNK_U02,N,N,N,2887.2432,2887.2432,3164.0293,2887.2432,2887.2432,
8/13/2024 3:05:00 AM,13MAGDBNK_U03,N,N,N,2887.2432,2887.2432,3164.0293,2887.2432,2887.2432,
8/13/2024 3:05:00 AM,13MALITA_BAT,N,N,N,2681.6340,2681.6340,3016.0921,2681.6340,2681.6340,
8/13/2024 3:05:00 AM,13MATAN_SS,N,N,N,2703.1481,2703.1481,4250.8022,2703.1481,2703.1481,
8/13/2024 3:05:00 AM,13MATIBNK_G01,N,N,N,2723.3005,2723.3005,3001.6966,2723.3005,2723.3005,
8/13/2024 3:05:00 AM,13MON_T1L1,N,N,N,2903.8553,2903.8553,4250.8022,2903.8553,2903.8553,
8/13/2024 3:05:00 AM,13MPCDIG_G01,N,N,N,2796.2849,2796.2849,3061.1649,2796.2849,2796.2849,
8/13/2024 3:05:00 AM,13MSR_T1L1,N,N,N,2903.8553,2903.8553,4250.8022,2903.8553,2903.8553,
8/13/2024 3:05:00 AM,13NABUN_SS,N,N,N,2903.8553,2903.8553,4250.8022,2903.8553,2903.8553,
8/13/2024 3:05:00 AM,13PMA_T1L1,N,N,N,2796.2849,2796.2849,4250.8022,2796.2849,2796.2849,
8/13/2024 3:05:00 AM,13SIBULAN_G01,N,N,N,2805.2718,2805.2718,3078.7110,2805.2718,2805.2718,
8/13/2024 3:05:00 AM,13SMC_U01,N,N,N,2680,2680,2955.6440,2680,2680,
8/13/2024 3:05:00 AM,13SMC_U02,N,N,N,2679.7277,2679.7277,2919.5983,2679.7277,2679.7277,
8/13/2024 3:05:00 AM,13TALOM1_G01,N,N,N,2805.2718,2805.2718,3092.4285,2805.2718,2805.2718,
8/13/2024 3:05:00 AM,13TALOM23_G01,N,N,N,2805.2718,2805.2718,3072.6194,2805.2718,2805.2718,
8/13/2024 3:05:00 AM,13TGM_T1L1,N,N,N,2887.2432,2887.2432,4250.8022,2887.2432,2887.2432,
8/13/2024 3:05:00 AM,13THERMA1_SS,N,N,N,2887.2432,2887.2432,4250.8022,2887.2432,2887.2432,
8/13/2024 3:05:00 AM,13TM1_U01,N,N,N,2887.2432,2887.2432,3164.0293,2887.2432,2887.2432,
8/13/2024 3:05:00 AM,13TM1_U02,N,N,N,2887.2432,2887.2432,3164.0293,2887.2432,2887.2432,
8/13/2024 3:05:00 AM,13TORIL_SS,N,N,N,2783.7577,2783.7577,4250.8022,2783.7577,2783.7577,
8/13/2024 3:05:00 AM,13TUDAY2_G01,N,N,N,2805.2718,2805.2718,3060.2127,2805.2718,2805.2718,
8/13/2024 3:05:00 AM,14ALMADA_G01,N,N,N,2897.3194,2897.3194,3080.1385,2897.3194,2897.3194,
8/13/2024 3:05:00 AM,14ASTROSOL_G01,N,N,N,2847.2106,2847.2106,3113.5123,2847.2106,2847.2106,
8/13/2024 3:05:00 AM,14BGN_T1L1,N,N,N,2756.7971,2756.7971,4250.8022,2756.7971,2756.7971,
8/13/2024 3:05:00 AM,14BGN_T2L1,N,N,N,2885.6092,2885.6092,4250.8022,2885.6092,2885.6092,
8/13/2024 3:05:00 AM,14BIOGS_G01,N,N,N,2885.6092,2885.6092,3148.5043,2885.6092,2885.6092,
8/13/2024 3:05:00 AM,14BIOMS_U01,N,N,N,2885.6092,2885.6092,3157.7356,2885.6092,2885.6092,
8/13/2024 3:05:00 AM,14COTSUGR_G01,N,N,N,2756.7971,2756.7971,3021.9230,2756.7971,2756.7971,
8/13/2024 3:05:00 AM,14DSA_T1L1,N,N,N,2897.3194,2897.3194,4250.8022,2897.3194,2897.3194,
8/13/2024 3:05:00 AM,14DSA_T2L1,N,N,N,2885.6092,2885.6092,4250.8022,2885.6092,2885.6092,
8/13/2024 3:05:00 AM,14GENSAN_SS,N,N,N,2849.1170,2849.1170,4250.8022,2849.1170,2849.1170,
8/13/2024 3:05:00 AM,14GERBIO_G01,N,N,N,2885.6092,2885.6092,3157.7356,2885.6092,2885.6092,
8/13/2024 3:05:00 AM,14GLA_T1L1,N,N,N,2847.2106,2847.2106,4250.8022,2847.2106,2847.2106,
8/13/2024 3:05:00 AM,14KAMANGA_SS,N,N,N,2813.1694,2813.1694,4250.8022,2813.1694,2813.1694,
8/13/2024 3:05:00 AM,14KAM_L03,N,N,N,2847.2106,2847.2106,4250.8022,2847.2106,2847.2106,
8/13/2024 3:05:00 AM,14KIDAP_SS,N,N,N,2756.2524,2756.2524,4250.8022,2756.2524,2756.2524,
8/13/2024 3:05:00 AM,14KLN_T1L1,N,N,N,2885.6092,2885.6092,4250.8022,2885.6092,2885.6092,
8/13/2024 3:05:00 AM,14LAMSAN_G01,N,N,N,2897.3194,2897.3194,3195.3195,2897.3194,2897.3194,
8/13/2024 3:05:00 AM,14LLE_T1L1,N,N,N,2847.2106,2847.2106,4250.8022,2847.2106,2847.2106,
8/13/2024 3:05:00 AM,14MARBEL_U01,N,N,N,2885.6092,2885.6092,3080.9085,2885.6092,2885.6092,
8/13/2024 3:05:00 AM,14MID_T1L1,N,N,N,2897.3194,2897.3194,4250.8022,2897.3194,2897.3194,
8/13/2024 3:05:00 AM,14MTAPO_U01,N,N,N,2755.7078,2755.7078,3023.8718,2755.7078,2755.7078,
8/13/2024 3:05:00 AM,14MTAPO_U02,N,N,N,2755.9801,2755.9801,3022.6270,2755.9801,2755.9801,
8/13/2024 3:05:00 AM,14MTAPO_U03,N,N,N,2756.7971,2756.7971,3010.1497,2756.7971,2756.7971,
8/13/2024 3:05:00 AM,14NVSOL_G01,N,N,N,2885.6092,2885.6092,3157.7356,2885.6092,2885.6092,
8/13/2024 3:05:00 AM,14PKPSOC_G01,N,N,N,2847.2106,2847.2106,3113.5123,2847.2106,2847.2106,
8/13/2024 3:05:00 AM,14PTU_T1L1,N,N,N,2847.2106,2847.2106,4250.8022,2847.2106,2847.2106,
8/13/2024 3:05:00 AM,14SARANG_U01,N,N,N,2847.2106,2847.2106,3111.4662,2847.2106,2847.2106,
8/13/2024 3:05:00 AM,14SARANG_U02,N,N,N,2813.9864,2813.9864,3068.0692,2813.9864,2813.9864,
8/13/2024 3:05:00 AM,14SIGHYDRO_G01,N,N,N,2847.2106,2847.2106,3112.7095,2847.2106,2847.2106,
8/13/2024 3:05:00 AM,14SKU_T1L1,N,N,N,2897.3194,2897.3194,4250.8022,2897.3194,2897.3194,
8/13/2024 3:05:00 AM,14SMY_T1L1,N,N,N,2897.3194,2897.3194,4250.8022,2897.3194,2897.3194,
8/13/2024 3:05:00 AM,14SPGI_U01,N,N,N,2885.6092,2885.6092,3148.7180,2885.6092,2885.6092,
8/13/2024 3:05:00 AM,14SRL_T1L1,N,N,N,2885.6092,2885.6092,4250.8022,2885.6092,2885.6092,
8/13/2024 3:05:00 AM,14SULTAN_SS,N,N,N,2897.3194,2897.3194,4250.8022,2897.3194,2897.3194,
8/13/2024 3:05:00 AM,14SUPKOR_G01,N,N,N,2885.6092,2885.6092,3157.7356,2885.6092,2885.6092,
8/13/2024 3:05:00 AM,14TACSUR_L02,N,N,N,2885.6092,2885.6092,4250.8022,2885.6092,2885.6092,
8/13/2024 3:05:00 AM,14TACUR_SS,N,N,N,2886.6985,2886.6985,4250.8022,2886.6985,2886.6985,
8/13/2024 3:05:00 AM,14TIN_T1L1,N,N,N,2847.2106,2847.2106,4250.8022,2847.2106,2847.2106,
8/13/2024 3:05:00 AM,14TIN_T1L2,N,N,N,2847.2106,2847.2106,4250.8022,2847.2106,2847.2106,
EOF
